Accident_ID,Severity
1.0,Highly_Fatal_And_Damaging
10.0,Significant_Damage_And_Fatalities
14.0,Significant_Damage_And_Serious_Injuries
17.0,Highly_Fatal_And_Damaging
21.0,Highly_Fatal_And_Damaging
40.0,Significant_Damage_And_Fatalities
45.0,Significant_Damage_And_Fatalities
50.0,Highly_Fatal_And_Damaging
52.0,Highly_Fatal_And_Damaging
85.0,Significant_Damage_And_Serious_Injuries
95.0,Minor_Damage_And_Injuries
106.0,Significant_Damage_And_Serious_Injuries
111.0,Highly_Fatal_And_Damaging
123.0,Significant_Damage_And_Serious_Injuries
129.0,Significant_Damage_And_Fatalities
130.0,Significant_Damage_And_Serious_Injuries
132.0,Highly_Fatal_And_Damaging
137.0,Significant_Damage_And_Serious_Injuries
159.0,Highly_Fatal_And_Damaging
161.0,Significant_Damage_And_Fatalities
162.0,Highly_Fatal_And_Damaging
166.0,Significant_Damage_And_Serious_Injuries
170.0,Significant_Damage_And_Fatalities
173.0,Highly_Fatal_And_Damaging
177.0,Highly_Fatal_And_Damaging
180.0,Significant_Damage_And_Fatalities
182.0,Significant_Damage_And_Fatalities
183.0,Highly_Fatal_And_Damaging
184.0,Significant_Damage_And_Fatalities
188.0,Significant_Damage_And_Serious_Injuries
190.0,Minor_Damage_And_Injuries
191.0,Significant_Damage_And_Serious_Injuries
201.0,Minor_Damage_And_Injuries
203.0,Highly_Fatal_And_Damaging
206.0,Highly_Fatal_And_Damaging
217.0,Minor_Damage_And_Injuries
220.0,Highly_Fatal_And_Damaging
221.0,Significant_Damage_And_Fatalities
225.0,Highly_Fatal_And_Damaging
229.0,Significant_Damage_And_Serious_Injuries
231.0,Minor_Damage_And_Injuries
232.0,Significant_Damage_And_Serious_Injuries
234.0,Significant_Damage_And_Fatalities
236.0,Significant_Damage_And_Fatalities
237.0,Minor_Damage_And_Injuries
240.0,Highly_Fatal_And_Damaging
245.0,Minor_Damage_And_Injuries
250.0,Minor_Damage_And_Injuries
252.0,Highly_Fatal_And_Damaging
254.0,Significant_Damage_And_Serious_Injuries
261.0,Minor_Damage_And_Injuries
265.0,Significant_Damage_And_Fatalities
266.0,Significant_Damage_And_Fatalities
271.0,Highly_Fatal_And_Damaging
273.0,Highly_Fatal_And_Damaging
274.0,Minor_Damage_And_Injuries
275.0,Highly_Fatal_And_Damaging
280.0,Minor_Damage_And_Injuries
285.0,Significant_Damage_And_Serious_Injuries
292.0,Highly_Fatal_And_Damaging
304.0,Minor_Damage_And_Injuries
311.0,Minor_Damage_And_Injuries
316.0,Significant_Damage_And_Fatalities
317.0,Significant_Damage_And_Fatalities
318.0,Significant_Damage_And_Serious_Injuries
321.0,Significant_Damage_And_Serious_Injuries
322.0,Highly_Fatal_And_Damaging
327.0,Significant_Damage_And_Fatalities
332.0,Significant_Damage_And_Serious_Injuries
338.0,Minor_Damage_And_Injuries
356.0,Highly_Fatal_And_Damaging
364.0,Highly_Fatal_And_Damaging
372.0,Highly_Fatal_And_Damaging
379.0,Significant_Damage_And_Fatalities
380.0,Highly_Fatal_And_Damaging
384.0,Highly_Fatal_And_Damaging
388.0,Minor_Damage_And_Injuries
390.0,Significant_Damage_And_Fatalities
401.0,Minor_Damage_And_Injuries
408.0,Highly_Fatal_And_Damaging
413.0,Highly_Fatal_And_Damaging
416.0,Significant_Damage_And_Serious_Injuries
426.0,Highly_Fatal_And_Damaging
428.0,Minor_Damage_And_Injuries
432.0,Minor_Damage_And_Injuries
433.0,Highly_Fatal_And_Damaging
437.0,Significant_Damage_And_Fatalities
440.0,Significant_Damage_And_Fatalities
444.0,Highly_Fatal_And_Damaging
447.0,Significant_Damage_And_Serious_Injuries
451.0,Minor_Damage_And_Injuries
461.0,Significant_Damage_And_Serious_Injuries
469.0,Highly_Fatal_And_Damaging
470.0,Minor_Damage_And_Injuries
481.0,Minor_Damage_And_Injuries
483.0,Significant_Damage_And_Fatalities
490.0,Highly_Fatal_And_Damaging
491.0,Significant_Damage_And_Serious_Injuries
494.0,Highly_Fatal_And_Damaging
495.0,Significant_Damage_And_Serious_Injuries
497.0,Highly_Fatal_And_Damaging
504.0,Minor_Damage_And_Injuries
509.0,Highly_Fatal_And_Damaging
511.0,Minor_Damage_And_Injuries
513.0,Highly_Fatal_And_Damaging
514.0,Minor_Damage_And_Injuries
518.0,Minor_Damage_And_Injuries
520.0,Significant_Damage_And_Serious_Injuries
526.0,Significant_Damage_And_Fatalities
529.0,Minor_Damage_And_Injuries
530.0,Significant_Damage_And_Serious_Injuries
532.0,Minor_Damage_And_Injuries
536.0,Highly_Fatal_And_Damaging
543.0,Minor_Damage_And_Injuries
553.0,Highly_Fatal_And_Damaging
559.0,Significant_Damage_And_Serious_Injuries
561.0,Significant_Damage_And_Fatalities
563.0,Highly_Fatal_And_Damaging
566.0,Highly_Fatal_And_Damaging
593.0,Significant_Damage_And_Serious_Injuries
595.0,Significant_Damage_And_Serious_Injuries
597.0,Minor_Damage_And_Injuries
602.0,Significant_Damage_And_Serious_Injuries
604.0,Highly_Fatal_And_Damaging
615.0,Minor_Damage_And_Injuries
617.0,Highly_Fatal_And_Damaging
618.0,Minor_Damage_And_Injuries
622.0,Significant_Damage_And_Fatalities
626.0,Significant_Damage_And_Serious_Injuries
633.0,Minor_Damage_And_Injuries
636.0,Highly_Fatal_And_Damaging
642.0,Significant_Damage_And_Serious_Injuries
648.0,Significant_Damage_And_Serious_Injuries
651.0,Highly_Fatal_And_Damaging
653.0,Highly_Fatal_And_Damaging
658.0,Significant_Damage_And_Serious_Injuries
659.0,Minor_Damage_And_Injuries
660.0,Significant_Damage_And_Serious_Injuries
662.0,Significant_Damage_And_Serious_Injuries
665.0,Significant_Damage_And_Serious_Injuries
674.0,Minor_Damage_And_Injuries
676.0,Significant_Damage_And_Fatalities
682.0,Significant_Damage_And_Fatalities
686.0,Highly_Fatal_And_Damaging
687.0,Highly_Fatal_And_Damaging
692.0,Minor_Damage_And_Injuries
699.0,Significant_Damage_And_Serious_Injuries
703.0,Significant_Damage_And_Fatalities
706.0,Significant_Damage_And_Fatalities
708.0,Significant_Damage_And_Fatalities
714.0,Minor_Damage_And_Injuries
719.0,Minor_Damage_And_Injuries
721.0,Significant_Damage_And_Serious_Injuries
725.0,Significant_Damage_And_Serious_Injuries
728.0,Significant_Damage_And_Serious_Injuries
733.0,Significant_Damage_And_Serious_Injuries
735.0,Highly_Fatal_And_Damaging
736.0,Significant_Damage_And_Serious_Injuries
745.0,Significant_Damage_And_Serious_Injuries
762.0,Minor_Damage_And_Injuries
768.0,Significant_Damage_And_Fatalities
773.0,Highly_Fatal_And_Damaging
777.0,Significant_Damage_And_Fatalities
781.0,Minor_Damage_And_Injuries
782.0,Highly_Fatal_And_Damaging
797.0,Minor_Damage_And_Injuries
801.0,Significant_Damage_And_Serious_Injuries
815.0,Highly_Fatal_And_Damaging
818.0,Highly_Fatal_And_Damaging
824.0,Significant_Damage_And_Fatalities
832.0,Significant_Damage_And_Serious_Injuries
834.0,Minor_Damage_And_Injuries
842.0,Significant_Damage_And_Serious_Injuries
850.0,Significant_Damage_And_Serious_Injuries
855.0,Minor_Damage_And_Injuries
860.0,Significant_Damage_And_Serious_Injuries
865.0,Highly_Fatal_And_Damaging
867.0,Minor_Damage_And_Injuries
868.0,Minor_Damage_And_Injuries
873.0,Highly_Fatal_And_Damaging
876.0,Highly_Fatal_And_Damaging
882.0,Minor_Damage_And_Injuries
886.0,Highly_Fatal_And_Damaging
887.0,Significant_Damage_And_Serious_Injuries
888.0,Minor_Damage_And_Injuries
889.0,Highly_Fatal_And_Damaging
898.0,Significant_Damage_And_Fatalities
902.0,Highly_Fatal_And_Damaging
908.0,Highly_Fatal_And_Damaging
909.0,Significant_Damage_And_Serious_Injuries
914.0,Significant_Damage_And_Serious_Injuries
927.0,Minor_Damage_And_Injuries
940.0,Significant_Damage_And_Fatalities
944.0,Significant_Damage_And_Fatalities
950.0,Highly_Fatal_And_Damaging
951.0,Highly_Fatal_And_Damaging
953.0,Significant_Damage_And_Fatalities
956.0,Highly_Fatal_And_Damaging
967.0,Minor_Damage_And_Injuries
977.0,Minor_Damage_And_Injuries
978.0,Minor_Damage_And_Injuries
979.0,Significant_Damage_And_Serious_Injuries
982.0,Minor_Damage_And_Injuries
989.0,Minor_Damage_And_Injuries
990.0,Minor_Damage_And_Injuries
999.0,Highly_Fatal_And_Damaging
1005.0,Significant_Damage_And_Fatalities
1011.0,Significant_Damage_And_Serious_Injuries
1013.0,Minor_Damage_And_Injuries
1015.0,Highly_Fatal_And_Damaging
1018.0,Minor_Damage_And_Injuries
1021.0,Highly_Fatal_And_Damaging
1022.0,Minor_Damage_And_Injuries
1024.0,Highly_Fatal_And_Damaging
1025.0,Significant_Damage_And_Serious_Injuries
1031.0,Highly_Fatal_And_Damaging
1036.0,Significant_Damage_And_Serious_Injuries
1048.0,Minor_Damage_And_Injuries
1050.0,Highly_Fatal_And_Damaging
1055.0,Significant_Damage_And_Fatalities
1057.0,Highly_Fatal_And_Damaging
1072.0,Minor_Damage_And_Injuries
1075.0,Minor_Damage_And_Injuries
1082.0,Highly_Fatal_And_Damaging
1102.0,Significant_Damage_And_Serious_Injuries
1103.0,Significant_Damage_And_Serious_Injuries
1109.0,Minor_Damage_And_Injuries
1114.0,Highly_Fatal_And_Damaging
1116.0,Significant_Damage_And_Serious_Injuries
1123.0,Highly_Fatal_And_Damaging
1127.0,Minor_Damage_And_Injuries
1135.0,Minor_Damage_And_Injuries
1143.0,Highly_Fatal_And_Damaging
1144.0,Significant_Damage_And_Serious_Injuries
1147.0,Highly_Fatal_And_Damaging
1149.0,Minor_Damage_And_Injuries
1155.0,Highly_Fatal_And_Damaging
1158.0,Significant_Damage_And_Serious_Injuries
1160.0,Highly_Fatal_And_Damaging
1164.0,Significant_Damage_And_Fatalities
1170.0,Highly_Fatal_And_Damaging
1175.0,Minor_Damage_And_Injuries
1179.0,Highly_Fatal_And_Damaging
1186.0,Significant_Damage_And_Serious_Injuries
1193.0,Highly_Fatal_And_Damaging
1197.0,Significant_Damage_And_Serious_Injuries
1198.0,Significant_Damage_And_Serious_Injuries
1207.0,Significant_Damage_And_Serious_Injuries
1213.0,Significant_Damage_And_Fatalities
1217.0,Highly_Fatal_And_Damaging
1226.0,Minor_Damage_And_Injuries
1227.0,Significant_Damage_And_Serious_Injuries
1234.0,Highly_Fatal_And_Damaging
1238.0,Minor_Damage_And_Injuries
1240.0,Significant_Damage_And_Serious_Injuries
1242.0,Significant_Damage_And_Serious_Injuries
1250.0,Minor_Damage_And_Injuries
1251.0,Highly_Fatal_And_Damaging
1256.0,Significant_Damage_And_Serious_Injuries
1258.0,Highly_Fatal_And_Damaging
1269.0,Minor_Damage_And_Injuries
1270.0,Minor_Damage_And_Injuries
1271.0,Significant_Damage_And_Serious_Injuries
1272.0,Minor_Damage_And_Injuries
1279.0,Minor_Damage_And_Injuries
1282.0,Significant_Damage_And_Serious_Injuries
1284.0,Highly_Fatal_And_Damaging
1285.0,Significant_Damage_And_Fatalities
1286.0,Highly_Fatal_And_Damaging
1294.0,Minor_Damage_And_Injuries
1305.0,Minor_Damage_And_Injuries
1310.0,Minor_Damage_And_Injuries
1312.0,Minor_Damage_And_Injuries
1325.0,Significant_Damage_And_Serious_Injuries
1333.0,Minor_Damage_And_Injuries
1343.0,Highly_Fatal_And_Damaging
1347.0,Significant_Damage_And_Fatalities
1348.0,Minor_Damage_And_Injuries
1350.0,Significant_Damage_And_Fatalities
1355.0,Minor_Damage_And_Injuries
1357.0,Highly_Fatal_And_Damaging
1371.0,Minor_Damage_And_Injuries
1378.0,Minor_Damage_And_Injuries
1393.0,Minor_Damage_And_Injuries
1398.0,Minor_Damage_And_Injuries
1405.0,Significant_Damage_And_Fatalities
1406.0,Minor_Damage_And_Injuries
1407.0,Minor_Damage_And_Injuries
1421.0,Significant_Damage_And_Fatalities
1431.0,Highly_Fatal_And_Damaging
1432.0,Minor_Damage_And_Injuries
1437.0,Minor_Damage_And_Injuries
1439.0,Highly_Fatal_And_Damaging
1440.0,Minor_Damage_And_Injuries
1441.0,Highly_Fatal_And_Damaging
1442.0,Significant_Damage_And_Serious_Injuries
1448.0,Minor_Damage_And_Injuries
1450.0,Minor_Damage_And_Injuries
1453.0,Minor_Damage_And_Injuries
1454.0,Highly_Fatal_And_Damaging
1460.0,Significant_Damage_And_Serious_Injuries
1461.0,Highly_Fatal_And_Damaging
1473.0,Significant_Damage_And_Serious_Injuries
1481.0,Minor_Damage_And_Injuries
1488.0,Significant_Damage_And_Fatalities
1499.0,Significant_Damage_And_Fatalities
1502.0,Significant_Damage_And_Serious_Injuries
1505.0,Highly_Fatal_And_Damaging
1511.0,Significant_Damage_And_Serious_Injuries
1516.0,Significant_Damage_And_Serious_Injuries
1523.0,Highly_Fatal_And_Damaging
1527.0,Highly_Fatal_And_Damaging
1560.0,Highly_Fatal_And_Damaging
1566.0,Minor_Damage_And_Injuries
1567.0,Highly_Fatal_And_Damaging
1568.0,Highly_Fatal_And_Damaging
1569.0,Significant_Damage_And_Fatalities
1570.0,Highly_Fatal_And_Damaging
1576.0,Minor_Damage_And_Injuries
1589.0,Significant_Damage_And_Serious_Injuries
1592.0,Minor_Damage_And_Injuries
1598.0,Highly_Fatal_And_Damaging
1599.0,Highly_Fatal_And_Damaging
1600.0,Highly_Fatal_And_Damaging
1607.0,Highly_Fatal_And_Damaging
1608.0,Significant_Damage_And_Serious_Injuries
1611.0,Minor_Damage_And_Injuries
1613.0,Significant_Damage_And_Fatalities
1623.0,Significant_Damage_And_Fatalities
1647.0,Significant_Damage_And_Fatalities
1649.0,Significant_Damage_And_Serious_Injuries
1658.0,Highly_Fatal_And_Damaging
1662.0,Highly_Fatal_And_Damaging
1668.0,Significant_Damage_And_Serious_Injuries
1676.0,Significant_Damage_And_Serious_Injuries
1678.0,Significant_Damage_And_Fatalities
1682.0,Highly_Fatal_And_Damaging
1690.0,Significant_Damage_And_Fatalities
1701.0,Significant_Damage_And_Fatalities
1710.0,Minor_Damage_And_Injuries
1723.0,Minor_Damage_And_Injuries
1725.0,Minor_Damage_And_Injuries
1747.0,Highly_Fatal_And_Damaging
1748.0,Significant_Damage_And_Serious_Injuries
1754.0,Highly_Fatal_And_Damaging
1756.0,Highly_Fatal_And_Damaging
1757.0,Minor_Damage_And_Injuries
1770.0,Minor_Damage_And_Injuries
1774.0,Significant_Damage_And_Serious_Injuries
1776.0,Significant_Damage_And_Serious_Injuries
1789.0,Highly_Fatal_And_Damaging
1794.0,Significant_Damage_And_Serious_Injuries
1804.0,Highly_Fatal_And_Damaging
1806.0,Minor_Damage_And_Injuries
1807.0,Minor_Damage_And_Injuries
1811.0,Significant_Damage_And_Serious_Injuries
1814.0,Minor_Damage_And_Injuries
1826.0,Highly_Fatal_And_Damaging
1832.0,Highly_Fatal_And_Damaging
1835.0,Minor_Damage_And_Injuries
1839.0,Significant_Damage_And_Fatalities
1840.0,Significant_Damage_And_Fatalities
1848.0,Significant_Damage_And_Serious_Injuries
1849.0,Significant_Damage_And_Fatalities
1850.0,Minor_Damage_And_Injuries
1854.0,Significant_Damage_And_Fatalities
1861.0,Significant_Damage_And_Fatalities
1866.0,Minor_Damage_And_Injuries
1868.0,Significant_Damage_And_Serious_Injuries
1872.0,Significant_Damage_And_Serious_Injuries
1875.0,Minor_Damage_And_Injuries
1877.0,Significant_Damage_And_Fatalities
1879.0,Significant_Damage_And_Fatalities
1880.0,Significant_Damage_And_Serious_Injuries
1892.0,Minor_Damage_And_Injuries
1896.0,Highly_Fatal_And_Damaging
1898.0,Significant_Damage_And_Fatalities
1899.0,Highly_Fatal_And_Damaging
1903.0,Significant_Damage_And_Serious_Injuries
1909.0,Minor_Damage_And_Injuries
1912.0,Highly_Fatal_And_Damaging
1920.0,Significant_Damage_And_Fatalities
1933.0,Minor_Damage_And_Injuries
1940.0,Minor_Damage_And_Injuries
1941.0,Highly_Fatal_And_Damaging
1944.0,Highly_Fatal_And_Damaging
1946.0,Significant_Damage_And_Fatalities
1950.0,Significant_Damage_And_Serious_Injuries
1955.0,Minor_Damage_And_Injuries
1957.0,Highly_Fatal_And_Damaging
1958.0,Minor_Damage_And_Injuries
1965.0,Minor_Damage_And_Injuries
1971.0,Minor_Damage_And_Injuries
1974.0,Highly_Fatal_And_Damaging
1980.0,Highly_Fatal_And_Damaging
1984.0,Significant_Damage_And_Fatalities
1990.0,Significant_Damage_And_Fatalities
1991.0,Highly_Fatal_And_Damaging
1994.0,Minor_Damage_And_Injuries
1997.0,Significant_Damage_And_Serious_Injuries
2006.0,Highly_Fatal_And_Damaging
2008.0,Highly_Fatal_And_Damaging
2013.0,Minor_Damage_And_Injuries
2015.0,Significant_Damage_And_Serious_Injuries
2016.0,Minor_Damage_And_Injuries
2021.0,Significant_Damage_And_Serious_Injuries
2023.0,Significant_Damage_And_Fatalities
2038.0,Minor_Damage_And_Injuries
2040.0,Significant_Damage_And_Serious_Injuries
2048.0,Minor_Damage_And_Injuries
2063.0,Significant_Damage_And_Serious_Injuries
2073.0,Minor_Damage_And_Injuries
2075.0,Highly_Fatal_And_Damaging
2081.0,Highly_Fatal_And_Damaging
2082.0,Highly_Fatal_And_Damaging
2086.0,Significant_Damage_And_Serious_Injuries
2090.0,Minor_Damage_And_Injuries
2091.0,Highly_Fatal_And_Damaging
2094.0,Significant_Damage_And_Serious_Injuries
2096.0,Significant_Damage_And_Fatalities
2097.0,Highly_Fatal_And_Damaging
2101.0,Highly_Fatal_And_Damaging
2103.0,Significant_Damage_And_Serious_Injuries
2106.0,Minor_Damage_And_Injuries
2107.0,Significant_Damage_And_Fatalities
2113.0,Significant_Damage_And_Serious_Injuries
2122.0,Minor_Damage_And_Injuries
2123.0,Significant_Damage_And_Serious_Injuries
2132.0,Minor_Damage_And_Injuries
2134.0,Highly_Fatal_And_Damaging
2141.0,Highly_Fatal_And_Damaging
2145.0,Minor_Damage_And_Injuries
2147.0,Minor_Damage_And_Injuries
2149.0,Significant_Damage_And_Serious_Injuries
2155.0,Highly_Fatal_And_Damaging
2161.0,Significant_Damage_And_Serious_Injuries
2177.0,Significant_Damage_And_Serious_Injuries
2179.0,Significant_Damage_And_Fatalities
2182.0,Significant_Damage_And_Fatalities
2192.0,Significant_Damage_And_Serious_Injuries
2195.0,Significant_Damage_And_Fatalities
2196.0,Significant_Damage_And_Serious_Injuries
2197.0,Highly_Fatal_And_Damaging
2199.0,Highly_Fatal_And_Damaging
2204.0,Highly_Fatal_And_Damaging
2206.0,Minor_Damage_And_Injuries
2212.0,Significant_Damage_And_Serious_Injuries
2215.0,Highly_Fatal_And_Damaging
2217.0,Significant_Damage_And_Fatalities
2220.0,Minor_Damage_And_Injuries
2222.0,Minor_Damage_And_Injuries
2227.0,Significant_Damage_And_Serious_Injuries
2239.0,Highly_Fatal_And_Damaging
2241.0,Significant_Damage_And_Serious_Injuries
2246.0,Minor_Damage_And_Injuries
2254.0,Minor_Damage_And_Injuries
2255.0,Highly_Fatal_And_Damaging
2259.0,Highly_Fatal_And_Damaging
2263.0,Highly_Fatal_And_Damaging
2264.0,Significant_Damage_And_Serious_Injuries
2269.0,Minor_Damage_And_Injuries
2281.0,Significant_Damage_And_Serious_Injuries
2284.0,Significant_Damage_And_Fatalities
2285.0,Highly_Fatal_And_Damaging
2292.0,Minor_Damage_And_Injuries
2293.0,Significant_Damage_And_Fatalities
2299.0,Highly_Fatal_And_Damaging
2301.0,Highly_Fatal_And_Damaging
2302.0,Highly_Fatal_And_Damaging
2303.0,Significant_Damage_And_Serious_Injuries
2307.0,Significant_Damage_And_Serious_Injuries
2315.0,Significant_Damage_And_Serious_Injuries
2316.0,Significant_Damage_And_Serious_Injuries
2317.0,Significant_Damage_And_Serious_Injuries
2320.0,Highly_Fatal_And_Damaging
2322.0,Significant_Damage_And_Fatalities
2334.0,Highly_Fatal_And_Damaging
2336.0,Minor_Damage_And_Injuries
2342.0,Highly_Fatal_And_Damaging
2343.0,Significant_Damage_And_Fatalities
2349.0,Significant_Damage_And_Serious_Injuries
2354.0,Significant_Damage_And_Fatalities
2357.0,Minor_Damage_And_Injuries
2364.0,Significant_Damage_And_Fatalities
2370.0,Highly_Fatal_And_Damaging
2379.0,Significant_Damage_And_Serious_Injuries
2389.0,Significant_Damage_And_Serious_Injuries
2400.0,Highly_Fatal_And_Damaging
2402.0,Highly_Fatal_And_Damaging
2406.0,Highly_Fatal_And_Damaging
2427.0,Significant_Damage_And_Fatalities
2429.0,Significant_Damage_And_Serious_Injuries
2435.0,Highly_Fatal_And_Damaging
2438.0,Highly_Fatal_And_Damaging
2439.0,Highly_Fatal_And_Damaging
2449.0,Significant_Damage_And_Serious_Injuries
2454.0,Highly_Fatal_And_Damaging
2455.0,Significant_Damage_And_Fatalities
2462.0,Significant_Damage_And_Serious_Injuries
2471.0,Significant_Damage_And_Serious_Injuries
2472.0,Significant_Damage_And_Serious_Injuries
2475.0,Highly_Fatal_And_Damaging
2476.0,Significant_Damage_And_Serious_Injuries
2483.0,Significant_Damage_And_Serious_Injuries
2485.0,Significant_Damage_And_Fatalities
2488.0,Highly_Fatal_And_Damaging
2492.0,Highly_Fatal_And_Damaging
2494.0,Highly_Fatal_And_Damaging
2504.0,Significant_Damage_And_Serious_Injuries
2510.0,Minor_Damage_And_Injuries
2516.0,Significant_Damage_And_Serious_Injuries
2517.0,Minor_Damage_And_Injuries
2519.0,Highly_Fatal_And_Damaging
2527.0,Minor_Damage_And_Injuries
2529.0,Minor_Damage_And_Injuries
2540.0,Minor_Damage_And_Injuries
2546.0,Minor_Damage_And_Injuries
2553.0,Minor_Damage_And_Injuries
2554.0,Highly_Fatal_And_Damaging
2558.0,Significant_Damage_And_Fatalities
2572.0,Significant_Damage_And_Fatalities
2585.0,Highly_Fatal_And_Damaging
2587.0,Significant_Damage_And_Serious_Injuries
2597.0,Significant_Damage_And_Fatalities
2599.0,Minor_Damage_And_Injuries
2600.0,Highly_Fatal_And_Damaging
2601.0,Minor_Damage_And_Injuries
2608.0,Minor_Damage_And_Injuries
2613.0,Minor_Damage_And_Injuries
2616.0,Minor_Damage_And_Injuries
2619.0,Minor_Damage_And_Injuries
2620.0,Minor_Damage_And_Injuries
2621.0,Minor_Damage_And_Injuries
2622.0,Minor_Damage_And_Injuries
2623.0,Significant_Damage_And_Serious_Injuries
2634.0,Minor_Damage_And_Injuries
2636.0,Highly_Fatal_And_Damaging
2640.0,Minor_Damage_And_Injuries
2643.0,Significant_Damage_And_Fatalities
2646.0,Highly_Fatal_And_Damaging
2651.0,Highly_Fatal_And_Damaging
2653.0,Significant_Damage_And_Serious_Injuries
2654.0,Highly_Fatal_And_Damaging
2657.0,Significant_Damage_And_Fatalities
2658.0,Minor_Damage_And_Injuries
2664.0,Minor_Damage_And_Injuries
2667.0,Highly_Fatal_And_Damaging
2668.0,Significant_Damage_And_Serious_Injuries
2680.0,Minor_Damage_And_Injuries
2682.0,Minor_Damage_And_Injuries
2692.0,Significant_Damage_And_Serious_Injuries
2693.0,Highly_Fatal_And_Damaging
2695.0,Highly_Fatal_And_Damaging
2697.0,Significant_Damage_And_Fatalities
2698.0,Significant_Damage_And_Fatalities
2703.0,Minor_Damage_And_Injuries
2718.0,Significant_Damage_And_Serious_Injuries
2728.0,Highly_Fatal_And_Damaging
2729.0,Highly_Fatal_And_Damaging
2736.0,Significant_Damage_And_Serious_Injuries
2737.0,Minor_Damage_And_Injuries
2738.0,Significant_Damage_And_Serious_Injuries
2739.0,Highly_Fatal_And_Damaging
2746.0,Minor_Damage_And_Injuries
2750.0,Highly_Fatal_And_Damaging
2755.0,Significant_Damage_And_Serious_Injuries
2764.0,Significant_Damage_And_Fatalities
2767.0,Highly_Fatal_And_Damaging
2769.0,Significant_Damage_And_Fatalities
2772.0,Significant_Damage_And_Serious_Injuries
2777.0,Highly_Fatal_And_Damaging
2778.0,Significant_Damage_And_Fatalities
2779.0,Highly_Fatal_And_Damaging
2780.0,Significant_Damage_And_Fatalities
2785.0,Significant_Damage_And_Serious_Injuries
2793.0,Minor_Damage_And_Injuries
2801.0,Highly_Fatal_And_Damaging
2814.0,Significant_Damage_And_Serious_Injuries
2821.0,Highly_Fatal_And_Damaging
2828.0,Highly_Fatal_And_Damaging
2834.0,Minor_Damage_And_Injuries
2844.0,Minor_Damage_And_Injuries
2848.0,Significant_Damage_And_Serious_Injuries
2850.0,Significant_Damage_And_Fatalities
2852.0,Highly_Fatal_And_Damaging
2860.0,Highly_Fatal_And_Damaging
2861.0,Significant_Damage_And_Serious_Injuries
2864.0,Highly_Fatal_And_Damaging
2868.0,Highly_Fatal_And_Damaging
2886.0,Highly_Fatal_And_Damaging
2887.0,Significant_Damage_And_Serious_Injuries
2890.0,Minor_Damage_And_Injuries
2892.0,Significant_Damage_And_Serious_Injuries
2907.0,Significant_Damage_And_Serious_Injuries
2908.0,Significant_Damage_And_Serious_Injuries
2909.0,Minor_Damage_And_Injuries
2914.0,Minor_Damage_And_Injuries
2917.0,Minor_Damage_And_Injuries
2923.0,Highly_Fatal_And_Damaging
2924.0,Significant_Damage_And_Fatalities
2934.0,Significant_Damage_And_Serious_Injuries
2937.0,Significant_Damage_And_Serious_Injuries
2945.0,Significant_Damage_And_Serious_Injuries
2948.0,Significant_Damage_And_Serious_Injuries
2950.0,Highly_Fatal_And_Damaging
2953.0,Significant_Damage_And_Serious_Injuries
2955.0,Highly_Fatal_And_Damaging
2959.0,Significant_Damage_And_Serious_Injuries
2971.0,Significant_Damage_And_Serious_Injuries
2974.0,Significant_Damage_And_Serious_Injuries
2987.0,Highly_Fatal_And_Damaging
2994.0,Significant_Damage_And_Fatalities
2995.0,Minor_Damage_And_Injuries
3003.0,Minor_Damage_And_Injuries
3013.0,Highly_Fatal_And_Damaging
3014.0,Significant_Damage_And_Serious_Injuries
3015.0,Minor_Damage_And_Injuries
3028.0,Highly_Fatal_And_Damaging
3041.0,Significant_Damage_And_Serious_Injuries
3053.0,Highly_Fatal_And_Damaging
3057.0,Significant_Damage_And_Serious_Injuries
3059.0,Significant_Damage_And_Fatalities
3060.0,Highly_Fatal_And_Damaging
3069.0,Highly_Fatal_And_Damaging
3071.0,Minor_Damage_And_Injuries
3072.0,Minor_Damage_And_Injuries
3082.0,Minor_Damage_And_Injuries
3084.0,Highly_Fatal_And_Damaging
3086.0,Minor_Damage_And_Injuries
3098.0,Significant_Damage_And_Serious_Injuries
3100.0,Significant_Damage_And_Serious_Injuries
3102.0,Significant_Damage_And_Fatalities
3110.0,Minor_Damage_And_Injuries
3111.0,Highly_Fatal_And_Damaging
3118.0,Minor_Damage_And_Injuries
3119.0,Minor_Damage_And_Injuries
3125.0,Significant_Damage_And_Fatalities
3133.0,Highly_Fatal_And_Damaging
3136.0,Minor_Damage_And_Injuries
3141.0,Significant_Damage_And_Fatalities
3149.0,Minor_Damage_And_Injuries
3150.0,Minor_Damage_And_Injuries
3155.0,Minor_Damage_And_Injuries
3156.0,Significant_Damage_And_Fatalities
3160.0,Significant_Damage_And_Serious_Injuries
3163.0,Minor_Damage_And_Injuries
3175.0,Highly_Fatal_And_Damaging
3180.0,Highly_Fatal_And_Damaging
3188.0,Significant_Damage_And_Serious_Injuries
3192.0,Highly_Fatal_And_Damaging
3193.0,Significant_Damage_And_Serious_Injuries
3197.0,Minor_Damage_And_Injuries
3201.0,Minor_Damage_And_Injuries
3204.0,Highly_Fatal_And_Damaging
3206.0,Highly_Fatal_And_Damaging
3210.0,Minor_Damage_And_Injuries
3212.0,Significant_Damage_And_Fatalities
3216.0,Highly_Fatal_And_Damaging
3239.0,Highly_Fatal_And_Damaging
3240.0,Minor_Damage_And_Injuries
3246.0,Minor_Damage_And_Injuries
3247.0,Minor_Damage_And_Injuries
3252.0,Significant_Damage_And_Serious_Injuries
3259.0,Minor_Damage_And_Injuries
3262.0,Highly_Fatal_And_Damaging
3264.0,Highly_Fatal_And_Damaging
3275.0,Significant_Damage_And_Serious_Injuries
3280.0,Significant_Damage_And_Fatalities
3282.0,Highly_Fatal_And_Damaging
3289.0,Significant_Damage_And_Fatalities
3294.0,Significant_Damage_And_Serious_Injuries
3297.0,Significant_Damage_And_Fatalities
3299.0,Significant_Damage_And_Serious_Injuries
3302.0,Significant_Damage_And_Serious_Injuries
3308.0,Significant_Damage_And_Fatalities
3311.0,Significant_Damage_And_Serious_Injuries
3315.0,Minor_Damage_And_Injuries
3317.0,Minor_Damage_And_Injuries
3319.0,Significant_Damage_And_Fatalities
3326.0,Highly_Fatal_And_Damaging
3330.0,Significant_Damage_And_Serious_Injuries
3331.0,Minor_Damage_And_Injuries
3333.0,Significant_Damage_And_Fatalities
3337.0,Minor_Damage_And_Injuries
3344.0,Minor_Damage_And_Injuries
3359.0,Minor_Damage_And_Injuries
3369.0,Highly_Fatal_And_Damaging
3372.0,Significant_Damage_And_Fatalities
3373.0,Minor_Damage_And_Injuries
3374.0,Minor_Damage_And_Injuries
3384.0,Significant_Damage_And_Serious_Injuries
3385.0,Significant_Damage_And_Serious_Injuries
3395.0,Significant_Damage_And_Fatalities
3399.0,Minor_Damage_And_Injuries
3401.0,Significant_Damage_And_Fatalities
3406.0,Significant_Damage_And_Serious_Injuries
3410.0,Significant_Damage_And_Fatalities
3420.0,Minor_Damage_And_Injuries
3422.0,Highly_Fatal_And_Damaging
3428.0,Significant_Damage_And_Serious_Injuries
3431.0,Highly_Fatal_And_Damaging
3434.0,Highly_Fatal_And_Damaging
3436.0,Significant_Damage_And_Serious_Injuries
3440.0,Highly_Fatal_And_Damaging
3443.0,Significant_Damage_And_Fatalities
3451.0,Significant_Damage_And_Serious_Injuries
3454.0,Minor_Damage_And_Injuries
3455.0,Significant_Damage_And_Serious_Injuries
3456.0,Significant_Damage_And_Serious_Injuries
3462.0,Significant_Damage_And_Serious_Injuries
3463.0,Minor_Damage_And_Injuries
3464.0,Minor_Damage_And_Injuries
3470.0,Minor_Damage_And_Injuries
3477.0,Significant_Damage_And_Serious_Injuries
3485.0,Minor_Damage_And_Injuries
3486.0,Minor_Damage_And_Injuries
3489.0,Significant_Damage_And_Serious_Injuries
3490.0,Significant_Damage_And_Serious_Injuries
3501.0,Significant_Damage_And_Serious_Injuries
3503.0,Significant_Damage_And_Fatalities
3510.0,Minor_Damage_And_Injuries
3517.0,Highly_Fatal_And_Damaging
3518.0,Highly_Fatal_And_Damaging
3525.0,Highly_Fatal_And_Damaging
3526.0,Minor_Damage_And_Injuries
3530.0,Significant_Damage_And_Fatalities
3532.0,Minor_Damage_And_Injuries
3546.0,Significant_Damage_And_Fatalities
3548.0,Significant_Damage_And_Serious_Injuries
3568.0,Significant_Damage_And_Serious_Injuries
3571.0,Minor_Damage_And_Injuries
3573.0,Significant_Damage_And_Fatalities
3577.0,Highly_Fatal_And_Damaging
3587.0,Minor_Damage_And_Injuries
3596.0,Minor_Damage_And_Injuries
3604.0,Significant_Damage_And_Serious_Injuries
3606.0,Significant_Damage_And_Fatalities
3613.0,Significant_Damage_And_Fatalities
3620.0,Significant_Damage_And_Fatalities
3632.0,Minor_Damage_And_Injuries
3638.0,Minor_Damage_And_Injuries
3640.0,Significant_Damage_And_Serious_Injuries
3643.0,Significant_Damage_And_Fatalities
3644.0,Significant_Damage_And_Serious_Injuries
3645.0,Highly_Fatal_And_Damaging
3648.0,Highly_Fatal_And_Damaging
3657.0,Highly_Fatal_And_Damaging
3665.0,Significant_Damage_And_Serious_Injuries
3670.0,Highly_Fatal_And_Damaging
3674.0,Significant_Damage_And_Serious_Injuries
3686.0,Highly_Fatal_And_Damaging
3687.0,Highly_Fatal_And_Damaging
3692.0,Minor_Damage_And_Injuries
3694.0,Highly_Fatal_And_Damaging
3698.0,Significant_Damage_And_Fatalities
3701.0,Significant_Damage_And_Fatalities
3725.0,Highly_Fatal_And_Damaging
3728.0,Significant_Damage_And_Serious_Injuries
3729.0,Minor_Damage_And_Injuries
3733.0,Significant_Damage_And_Serious_Injuries
3743.0,Significant_Damage_And_Serious_Injuries
3746.0,Significant_Damage_And_Fatalities
3747.0,Significant_Damage_And_Serious_Injuries
3748.0,Significant_Damage_And_Serious_Injuries
3749.0,Minor_Damage_And_Injuries
3752.0,Highly_Fatal_And_Damaging
3760.0,Minor_Damage_And_Injuries
3761.0,Highly_Fatal_And_Damaging
3762.0,Highly_Fatal_And_Damaging
3765.0,Highly_Fatal_And_Damaging
3767.0,Minor_Damage_And_Injuries
3775.0,Minor_Damage_And_Injuries
3780.0,Significant_Damage_And_Serious_Injuries
3790.0,Significant_Damage_And_Serious_Injuries
3794.0,Highly_Fatal_And_Damaging
3795.0,Highly_Fatal_And_Damaging
3806.0,Highly_Fatal_And_Damaging
3807.0,Significant_Damage_And_Serious_Injuries
3809.0,Minor_Damage_And_Injuries
3810.0,Minor_Damage_And_Injuries
3811.0,Minor_Damage_And_Injuries
3812.0,Minor_Damage_And_Injuries
3818.0,Minor_Damage_And_Injuries
3820.0,Highly_Fatal_And_Damaging
3821.0,Highly_Fatal_And_Damaging
3827.0,Minor_Damage_And_Injuries
3835.0,Significant_Damage_And_Serious_Injuries
3836.0,Significant_Damage_And_Serious_Injuries
3839.0,Significant_Damage_And_Serious_Injuries
3841.0,Significant_Damage_And_Fatalities
3842.0,Highly_Fatal_And_Damaging
3845.0,Significant_Damage_And_Fatalities
3854.0,Significant_Damage_And_Serious_Injuries
3855.0,Significant_Damage_And_Serious_Injuries
3856.0,Highly_Fatal_And_Damaging
3863.0,Significant_Damage_And_Serious_Injuries
3865.0,Minor_Damage_And_Injuries
3878.0,Highly_Fatal_And_Damaging
3887.0,Highly_Fatal_And_Damaging
3888.0,Significant_Damage_And_Fatalities
3889.0,Highly_Fatal_And_Damaging
3892.0,Minor_Damage_And_Injuries
3897.0,Significant_Damage_And_Serious_Injuries
3911.0,Significant_Damage_And_Serious_Injuries
3912.0,Significant_Damage_And_Fatalities
3914.0,Significant_Damage_And_Fatalities
3928.0,Minor_Damage_And_Injuries
3929.0,Highly_Fatal_And_Damaging
3933.0,Minor_Damage_And_Injuries
3941.0,Significant_Damage_And_Serious_Injuries
3943.0,Minor_Damage_And_Injuries
3954.0,Minor_Damage_And_Injuries
3960.0,Minor_Damage_And_Injuries
3962.0,Highly_Fatal_And_Damaging
3965.0,Highly_Fatal_And_Damaging
3967.0,Significant_Damage_And_Serious_Injuries
3968.0,Significant_Damage_And_Serious_Injuries
3980.0,Highly_Fatal_And_Damaging
3987.0,Highly_Fatal_And_Damaging
3989.0,Highly_Fatal_And_Damaging
3990.0,Minor_Damage_And_Injuries
3997.0,Highly_Fatal_And_Damaging
4000.0,Significant_Damage_And_Serious_Injuries
4002.0,Highly_Fatal_And_Damaging
4006.0,Highly_Fatal_And_Damaging
4007.0,Highly_Fatal_And_Damaging
4019.0,Highly_Fatal_And_Damaging
4024.0,Highly_Fatal_And_Damaging
4026.0,Minor_Damage_And_Injuries
4027.0,Highly_Fatal_And_Damaging
4032.0,Highly_Fatal_And_Damaging
4039.0,Significant_Damage_And_Fatalities
4040.0,Significant_Damage_And_Serious_Injuries
4047.0,Highly_Fatal_And_Damaging
4048.0,Highly_Fatal_And_Damaging
4049.0,Significant_Damage_And_Serious_Injuries
4050.0,Minor_Damage_And_Injuries
4061.0,Significant_Damage_And_Serious_Injuries
4062.0,Minor_Damage_And_Injuries
4063.0,Significant_Damage_And_Serious_Injuries
4070.0,Highly_Fatal_And_Damaging
4090.0,Significant_Damage_And_Serious_Injuries
4094.0,Minor_Damage_And_Injuries
4098.0,Highly_Fatal_And_Damaging
4099.0,Minor_Damage_And_Injuries
4100.0,Significant_Damage_And_Serious_Injuries
4108.0,Significant_Damage_And_Serious_Injuries
4120.0,Significant_Damage_And_Serious_Injuries
4129.0,Highly_Fatal_And_Damaging
4133.0,Highly_Fatal_And_Damaging
4134.0,Highly_Fatal_And_Damaging
4136.0,Highly_Fatal_And_Damaging
4139.0,Highly_Fatal_And_Damaging
4148.0,Highly_Fatal_And_Damaging
4152.0,Minor_Damage_And_Injuries
4153.0,Significant_Damage_And_Serious_Injuries
4157.0,Highly_Fatal_And_Damaging
4162.0,Highly_Fatal_And_Damaging
4169.0,Significant_Damage_And_Serious_Injuries
4176.0,Highly_Fatal_And_Damaging
4181.0,Significant_Damage_And_Serious_Injuries
4189.0,Significant_Damage_And_Fatalities
4192.0,Significant_Damage_And_Fatalities
4198.0,Significant_Damage_And_Fatalities
4207.0,Significant_Damage_And_Fatalities
4208.0,Significant_Damage_And_Serious_Injuries
4211.0,Highly_Fatal_And_Damaging
4218.0,Minor_Damage_And_Injuries
4223.0,Highly_Fatal_And_Damaging
4232.0,Significant_Damage_And_Serious_Injuries
4234.0,Minor_Damage_And_Injuries
4246.0,Highly_Fatal_And_Damaging
4253.0,Significant_Damage_And_Fatalities
4254.0,Highly_Fatal_And_Damaging
4255.0,Minor_Damage_And_Injuries
4260.0,Minor_Damage_And_Injuries
4267.0,Minor_Damage_And_Injuries
4274.0,Highly_Fatal_And_Damaging
4275.0,Highly_Fatal_And_Damaging
4278.0,Highly_Fatal_And_Damaging
4281.0,Highly_Fatal_And_Damaging
4293.0,Minor_Damage_And_Injuries
4294.0,Highly_Fatal_And_Damaging
4300.0,Significant_Damage_And_Serious_Injuries
4307.0,Significant_Damage_And_Fatalities
4310.0,Significant_Damage_And_Serious_Injuries
4311.0,Significant_Damage_And_Serious_Injuries
4315.0,Significant_Damage_And_Serious_Injuries
4330.0,Minor_Damage_And_Injuries
4333.0,Highly_Fatal_And_Damaging
4340.0,Minor_Damage_And_Injuries
4352.0,Minor_Damage_And_Injuries
4360.0,Minor_Damage_And_Injuries
4365.0,Highly_Fatal_And_Damaging
4367.0,Significant_Damage_And_Serious_Injuries
4376.0,Highly_Fatal_And_Damaging
4378.0,Significant_Damage_And_Fatalities
4385.0,Minor_Damage_And_Injuries
4405.0,Highly_Fatal_And_Damaging
4413.0,Highly_Fatal_And_Damaging
4414.0,Significant_Damage_And_Fatalities
4426.0,Minor_Damage_And_Injuries
4430.0,Significant_Damage_And_Fatalities
4431.0,Minor_Damage_And_Injuries
4438.0,Significant_Damage_And_Fatalities
4439.0,Minor_Damage_And_Injuries
4441.0,Significant_Damage_And_Serious_Injuries
4443.0,Minor_Damage_And_Injuries
4449.0,Significant_Damage_And_Serious_Injuries
4453.0,Minor_Damage_And_Injuries
4456.0,Highly_Fatal_And_Damaging
4457.0,Minor_Damage_And_Injuries
4459.0,Minor_Damage_And_Injuries
4461.0,Significant_Damage_And_Serious_Injuries
4464.0,Significant_Damage_And_Serious_Injuries
4468.0,Significant_Damage_And_Serious_Injuries
4476.0,Highly_Fatal_And_Damaging
4480.0,Minor_Damage_And_Injuries
4482.0,Significant_Damage_And_Serious_Injuries
4491.0,Minor_Damage_And_Injuries
4493.0,Significant_Damage_And_Serious_Injuries
4494.0,Minor_Damage_And_Injuries
4495.0,Significant_Damage_And_Fatalities
4496.0,Significant_Damage_And_Serious_Injuries
4503.0,Significant_Damage_And_Serious_Injuries
4505.0,Highly_Fatal_And_Damaging
4506.0,Highly_Fatal_And_Damaging
4512.0,Minor_Damage_And_Injuries
4516.0,Minor_Damage_And_Injuries
4518.0,Highly_Fatal_And_Damaging
4521.0,Significant_Damage_And_Serious_Injuries
4522.0,Highly_Fatal_And_Damaging
4529.0,Minor_Damage_And_Injuries
4530.0,Minor_Damage_And_Injuries
4536.0,Minor_Damage_And_Injuries
4539.0,Minor_Damage_And_Injuries
4543.0,Significant_Damage_And_Serious_Injuries
4546.0,Significant_Damage_And_Fatalities
4547.0,Minor_Damage_And_Injuries
4550.0,Significant_Damage_And_Serious_Injuries
4564.0,Highly_Fatal_And_Damaging
4571.0,Minor_Damage_And_Injuries
4583.0,Significant_Damage_And_Fatalities
4592.0,Highly_Fatal_And_Damaging
4594.0,Significant_Damage_And_Serious_Injuries
4597.0,Significant_Damage_And_Serious_Injuries
4598.0,Minor_Damage_And_Injuries
4614.0,Significant_Damage_And_Serious_Injuries
4617.0,Significant_Damage_And_Serious_Injuries
4621.0,Minor_Damage_And_Injuries
4630.0,Significant_Damage_And_Serious_Injuries
4634.0,Significant_Damage_And_Fatalities
4638.0,Highly_Fatal_And_Damaging
4639.0,Significant_Damage_And_Fatalities
4645.0,Highly_Fatal_And_Damaging
4650.0,Minor_Damage_And_Injuries
4651.0,Highly_Fatal_And_Damaging
4654.0,Highly_Fatal_And_Damaging
4656.0,Significant_Damage_And_Serious_Injuries
4660.0,Minor_Damage_And_Injuries
4665.0,Significant_Damage_And_Fatalities
4670.0,Highly_Fatal_And_Damaging
4671.0,Highly_Fatal_And_Damaging
4679.0,Highly_Fatal_And_Damaging
4682.0,Significant_Damage_And_Fatalities
4684.0,Minor_Damage_And_Injuries
4688.0,Minor_Damage_And_Injuries
4693.0,Highly_Fatal_And_Damaging
4712.0,Significant_Damage_And_Fatalities
4714.0,Significant_Damage_And_Serious_Injuries
4721.0,Highly_Fatal_And_Damaging
4722.0,Highly_Fatal_And_Damaging
4724.0,Minor_Damage_And_Injuries
4726.0,Minor_Damage_And_Injuries
4728.0,Significant_Damage_And_Fatalities
4730.0,Minor_Damage_And_Injuries
4735.0,Significant_Damage_And_Fatalities
4741.0,Significant_Damage_And_Fatalities
4742.0,Significant_Damage_And_Fatalities
4744.0,Minor_Damage_And_Injuries
4746.0,Highly_Fatal_And_Damaging
4757.0,Minor_Damage_And_Injuries
4761.0,Highly_Fatal_And_Damaging
4770.0,Highly_Fatal_And_Damaging
4772.0,Significant_Damage_And_Fatalities
4773.0,Significant_Damage_And_Serious_Injuries
4780.0,Highly_Fatal_And_Damaging
4783.0,Highly_Fatal_And_Damaging
4785.0,Highly_Fatal_And_Damaging
4786.0,Highly_Fatal_And_Damaging
4787.0,Significant_Damage_And_Serious_Injuries
4793.0,Highly_Fatal_And_Damaging
4794.0,Highly_Fatal_And_Damaging
4808.0,Minor_Damage_And_Injuries
4811.0,Significant_Damage_And_Fatalities
4831.0,Significant_Damage_And_Fatalities
4832.0,Significant_Damage_And_Serious_Injuries
4836.0,Highly_Fatal_And_Damaging
4839.0,Significant_Damage_And_Serious_Injuries
4842.0,Significant_Damage_And_Serious_Injuries
4846.0,Minor_Damage_And_Injuries
4855.0,Significant_Damage_And_Fatalities
4856.0,Minor_Damage_And_Injuries
4859.0,Minor_Damage_And_Injuries
4862.0,Significant_Damage_And_Serious_Injuries
4869.0,Highly_Fatal_And_Damaging
4877.0,Highly_Fatal_And_Damaging
4878.0,Significant_Damage_And_Serious_Injuries
4887.0,Significant_Damage_And_Serious_Injuries
4892.0,Highly_Fatal_And_Damaging
4913.0,Highly_Fatal_And_Damaging
4914.0,Highly_Fatal_And_Damaging
4926.0,Highly_Fatal_And_Damaging
4940.0,Highly_Fatal_And_Damaging
4944.0,Minor_Damage_And_Injuries
4959.0,Significant_Damage_And_Serious_Injuries
4966.0,Highly_Fatal_And_Damaging
4972.0,Minor_Damage_And_Injuries
4978.0,Highly_Fatal_And_Damaging
4981.0,Significant_Damage_And_Serious_Injuries
4985.0,Highly_Fatal_And_Damaging
4992.0,Highly_Fatal_And_Damaging
4998.0,Significant_Damage_And_Fatalities
5000.0,Highly_Fatal_And_Damaging
5001.0,Highly_Fatal_And_Damaging
5004.0,Significant_Damage_And_Serious_Injuries
5005.0,Highly_Fatal_And_Damaging
5016.0,Minor_Damage_And_Injuries
5020.0,Significant_Damage_And_Serious_Injuries
5021.0,Minor_Damage_And_Injuries
5041.0,Minor_Damage_And_Injuries
5045.0,Significant_Damage_And_Fatalities
5052.0,Minor_Damage_And_Injuries
5063.0,Minor_Damage_And_Injuries
5072.0,Highly_Fatal_And_Damaging
5074.0,Highly_Fatal_And_Damaging
5080.0,Minor_Damage_And_Injuries
5087.0,Highly_Fatal_And_Damaging
5094.0,Significant_Damage_And_Serious_Injuries
5099.0,Significant_Damage_And_Serious_Injuries
5100.0,Highly_Fatal_And_Damaging
5109.0,Significant_Damage_And_Fatalities
5111.0,Significant_Damage_And_Fatalities
5115.0,Highly_Fatal_And_Damaging
5117.0,Highly_Fatal_And_Damaging
5119.0,Significant_Damage_And_Fatalities
5125.0,Highly_Fatal_And_Damaging
5126.0,Significant_Damage_And_Fatalities
5127.0,Highly_Fatal_And_Damaging
5142.0,Minor_Damage_And_Injuries
5149.0,Significant_Damage_And_Fatalities
5160.0,Significant_Damage_And_Serious_Injuries
5163.0,Significant_Damage_And_Serious_Injuries
5170.0,Highly_Fatal_And_Damaging
5175.0,Significant_Damage_And_Serious_Injuries
5184.0,Significant_Damage_And_Serious_Injuries
5187.0,Significant_Damage_And_Serious_Injuries
5189.0,Significant_Damage_And_Serious_Injuries
5200.0,Minor_Damage_And_Injuries
5202.0,Minor_Damage_And_Injuries
5203.0,Significant_Damage_And_Fatalities
5206.0,Significant_Damage_And_Fatalities
5218.0,Significant_Damage_And_Serious_Injuries
5224.0,Significant_Damage_And_Fatalities
5226.0,Significant_Damage_And_Fatalities
5230.0,Significant_Damage_And_Fatalities
5231.0,Significant_Damage_And_Fatalities
5232.0,Significant_Damage_And_Serious_Injuries
5234.0,Highly_Fatal_And_Damaging
5239.0,Significant_Damage_And_Fatalities
5244.0,Significant_Damage_And_Serious_Injuries
5245.0,Minor_Damage_And_Injuries
5246.0,Highly_Fatal_And_Damaging
5253.0,Highly_Fatal_And_Damaging
5262.0,Significant_Damage_And_Serious_Injuries
5268.0,Highly_Fatal_And_Damaging
5271.0,Significant_Damage_And_Serious_Injuries
5275.0,Significant_Damage_And_Fatalities
5277.0,Significant_Damage_And_Serious_Injuries
5278.0,Significant_Damage_And_Fatalities
5283.0,Minor_Damage_And_Injuries
5284.0,Highly_Fatal_And_Damaging
5285.0,Highly_Fatal_And_Damaging
5288.0,Highly_Fatal_And_Damaging
5329.0,Minor_Damage_And_Injuries
5336.0,Significant_Damage_And_Fatalities
5339.0,Significant_Damage_And_Fatalities
5340.0,Highly_Fatal_And_Damaging
5342.0,Significant_Damage_And_Fatalities
5350.0,Significant_Damage_And_Fatalities
5359.0,Significant_Damage_And_Fatalities
5376.0,Minor_Damage_And_Injuries
5387.0,Minor_Damage_And_Injuries
5399.0,Significant_Damage_And_Fatalities
5401.0,Significant_Damage_And_Serious_Injuries
5423.0,Significant_Damage_And_Serious_Injuries
5425.0,Minor_Damage_And_Injuries
5433.0,Significant_Damage_And_Serious_Injuries
5445.0,Highly_Fatal_And_Damaging
5451.0,Significant_Damage_And_Fatalities
5452.0,Minor_Damage_And_Injuries
5461.0,Highly_Fatal_And_Damaging
5464.0,Significant_Damage_And_Fatalities
5465.0,Significant_Damage_And_Serious_Injuries
5466.0,Significant_Damage_And_Serious_Injuries
5471.0,Minor_Damage_And_Injuries
5481.0,Highly_Fatal_And_Damaging
5482.0,Minor_Damage_And_Injuries
5485.0,Highly_Fatal_And_Damaging
5489.0,Highly_Fatal_And_Damaging
5497.0,Highly_Fatal_And_Damaging
5505.0,Highly_Fatal_And_Damaging
5508.0,Minor_Damage_And_Injuries
5510.0,Minor_Damage_And_Injuries
5519.0,Highly_Fatal_And_Damaging
5531.0,Highly_Fatal_And_Damaging
5536.0,Minor_Damage_And_Injuries
5537.0,Significant_Damage_And_Fatalities
5538.0,Significant_Damage_And_Serious_Injuries
5547.0,Highly_Fatal_And_Damaging
5554.0,Significant_Damage_And_Serious_Injuries
5561.0,Minor_Damage_And_Injuries
5563.0,Significant_Damage_And_Serious_Injuries
5568.0,Significant_Damage_And_Serious_Injuries
5573.0,Significant_Damage_And_Serious_Injuries
5579.0,Significant_Damage_And_Serious_Injuries
5583.0,Significant_Damage_And_Fatalities
5584.0,Minor_Damage_And_Injuries
5586.0,Significant_Damage_And_Fatalities
5589.0,Significant_Damage_And_Fatalities
5595.0,Significant_Damage_And_Serious_Injuries
5601.0,Significant_Damage_And_Serious_Injuries
5603.0,Minor_Damage_And_Injuries
5610.0,Minor_Damage_And_Injuries
5618.0,Significant_Damage_And_Fatalities
5622.0,Highly_Fatal_And_Damaging
5623.0,Highly_Fatal_And_Damaging
5625.0,Minor_Damage_And_Injuries
5630.0,Significant_Damage_And_Serious_Injuries
5637.0,Highly_Fatal_And_Damaging
5640.0,Significant_Damage_And_Fatalities
5642.0,Significant_Damage_And_Fatalities
5643.0,Significant_Damage_And_Serious_Injuries
5648.0,Significant_Damage_And_Serious_Injuries
5653.0,Significant_Damage_And_Serious_Injuries
5656.0,Highly_Fatal_And_Damaging
5666.0,Highly_Fatal_And_Damaging
5676.0,Highly_Fatal_And_Damaging
5680.0,Minor_Damage_And_Injuries
5690.0,Minor_Damage_And_Injuries
5700.0,Significant_Damage_And_Fatalities
5702.0,Significant_Damage_And_Serious_Injuries
5708.0,Minor_Damage_And_Injuries
5709.0,Significant_Damage_And_Fatalities
5714.0,Significant_Damage_And_Serious_Injuries
5723.0,Highly_Fatal_And_Damaging
5729.0,Highly_Fatal_And_Damaging
5736.0,Significant_Damage_And_Fatalities
5744.0,Significant_Damage_And_Fatalities
5750.0,Minor_Damage_And_Injuries
5751.0,Significant_Damage_And_Fatalities
5752.0,Significant_Damage_And_Fatalities
5753.0,Minor_Damage_And_Injuries
5757.0,Highly_Fatal_And_Damaging
5760.0,Significant_Damage_And_Serious_Injuries
5768.0,Significant_Damage_And_Serious_Injuries
5772.0,Significant_Damage_And_Fatalities
5788.0,Significant_Damage_And_Serious_Injuries
5795.0,Highly_Fatal_And_Damaging
5800.0,Significant_Damage_And_Fatalities
5806.0,Significant_Damage_And_Serious_Injuries
5809.0,Highly_Fatal_And_Damaging
5810.0,Highly_Fatal_And_Damaging
5819.0,Significant_Damage_And_Fatalities
5822.0,Significant_Damage_And_Serious_Injuries
5826.0,Significant_Damage_And_Serious_Injuries
5829.0,Minor_Damage_And_Injuries
5831.0,Significant_Damage_And_Serious_Injuries
5833.0,Highly_Fatal_And_Damaging
5837.0,Highly_Fatal_And_Damaging
5840.0,Minor_Damage_And_Injuries
5848.0,Highly_Fatal_And_Damaging
5852.0,Significant_Damage_And_Fatalities
5868.0,Highly_Fatal_And_Damaging
5874.0,Highly_Fatal_And_Damaging
5876.0,Highly_Fatal_And_Damaging
5883.0,Significant_Damage_And_Serious_Injuries
5888.0,Highly_Fatal_And_Damaging
5889.0,Minor_Damage_And_Injuries
5898.0,Highly_Fatal_And_Damaging
5899.0,Significant_Damage_And_Serious_Injuries
5903.0,Highly_Fatal_And_Damaging
5906.0,Significant_Damage_And_Fatalities
5907.0,Minor_Damage_And_Injuries
5914.0,Highly_Fatal_And_Damaging
5919.0,Highly_Fatal_And_Damaging
5928.0,Highly_Fatal_And_Damaging
5930.0,Minor_Damage_And_Injuries
5936.0,Significant_Damage_And_Serious_Injuries
5948.0,Highly_Fatal_And_Damaging
5950.0,Highly_Fatal_And_Damaging
5951.0,Highly_Fatal_And_Damaging
5954.0,Highly_Fatal_And_Damaging
5958.0,Highly_Fatal_And_Damaging
5964.0,Significant_Damage_And_Fatalities
5972.0,Highly_Fatal_And_Damaging
5979.0,Highly_Fatal_And_Damaging
5983.0,Minor_Damage_And_Injuries
5984.0,Significant_Damage_And_Fatalities
5993.0,Significant_Damage_And_Serious_Injuries
5997.0,Highly_Fatal_And_Damaging
6006.0,Significant_Damage_And_Serious_Injuries
6014.0,Highly_Fatal_And_Damaging
6018.0,Significant_Damage_And_Serious_Injuries
6019.0,Minor_Damage_And_Injuries
6020.0,Minor_Damage_And_Injuries
6023.0,Significant_Damage_And_Serious_Injuries
6026.0,Highly_Fatal_And_Damaging
6030.0,Significant_Damage_And_Serious_Injuries
6036.0,Highly_Fatal_And_Damaging
6041.0,Significant_Damage_And_Serious_Injuries
6042.0,Highly_Fatal_And_Damaging
6044.0,Highly_Fatal_And_Damaging
6053.0,Highly_Fatal_And_Damaging
6055.0,Significant_Damage_And_Fatalities
6056.0,Significant_Damage_And_Serious_Injuries
6063.0,Minor_Damage_And_Injuries
6064.0,Significant_Damage_And_Serious_Injuries
6072.0,Significant_Damage_And_Serious_Injuries
6074.0,Minor_Damage_And_Injuries
6075.0,Minor_Damage_And_Injuries
6078.0,Significant_Damage_And_Fatalities
6080.0,Highly_Fatal_And_Damaging
6081.0,Significant_Damage_And_Serious_Injuries
6082.0,Minor_Damage_And_Injuries
6085.0,Highly_Fatal_And_Damaging
6095.0,Significant_Damage_And_Serious_Injuries
6098.0,Minor_Damage_And_Injuries
6104.0,Minor_Damage_And_Injuries
6113.0,Significant_Damage_And_Fatalities
6114.0,Significant_Damage_And_Serious_Injuries
6120.0,Highly_Fatal_And_Damaging
6121.0,Significant_Damage_And_Serious_Injuries
6122.0,Significant_Damage_And_Fatalities
6125.0,Highly_Fatal_And_Damaging
6137.0,Highly_Fatal_And_Damaging
6139.0,Highly_Fatal_And_Damaging
6147.0,Highly_Fatal_And_Damaging
6150.0,Minor_Damage_And_Injuries
6157.0,Minor_Damage_And_Injuries
6162.0,Minor_Damage_And_Injuries
6167.0,Minor_Damage_And_Injuries
6170.0,Highly_Fatal_And_Damaging
6178.0,Minor_Damage_And_Injuries
6185.0,Minor_Damage_And_Injuries
6187.0,Significant_Damage_And_Fatalities
6188.0,Significant_Damage_And_Serious_Injuries
6189.0,Minor_Damage_And_Injuries
6190.0,Highly_Fatal_And_Damaging
6204.0,Significant_Damage_And_Serious_Injuries
6206.0,Significant_Damage_And_Serious_Injuries
6208.0,Minor_Damage_And_Injuries
6212.0,Significant_Damage_And_Fatalities
6215.0,Significant_Damage_And_Serious_Injuries
6221.0,Minor_Damage_And_Injuries
6234.0,Significant_Damage_And_Serious_Injuries
6240.0,Minor_Damage_And_Injuries
6241.0,Minor_Damage_And_Injuries
6242.0,Significant_Damage_And_Serious_Injuries
6247.0,Highly_Fatal_And_Damaging
6250.0,Minor_Damage_And_Injuries
6255.0,Highly_Fatal_And_Damaging
6257.0,Significant_Damage_And_Fatalities
6259.0,Highly_Fatal_And_Damaging
6260.0,Significant_Damage_And_Fatalities
6261.0,Significant_Damage_And_Serious_Injuries
6264.0,Minor_Damage_And_Injuries
6266.0,Highly_Fatal_And_Damaging
6274.0,Significant_Damage_And_Serious_Injuries
6277.0,Significant_Damage_And_Fatalities
6287.0,Highly_Fatal_And_Damaging
6290.0,Significant_Damage_And_Serious_Injuries
6296.0,Significant_Damage_And_Fatalities
6301.0,Significant_Damage_And_Serious_Injuries
6302.0,Significant_Damage_And_Serious_Injuries
6312.0,Minor_Damage_And_Injuries
6318.0,Minor_Damage_And_Injuries
6327.0,Minor_Damage_And_Injuries
6328.0,Significant_Damage_And_Serious_Injuries
6333.0,Significant_Damage_And_Serious_Injuries
6336.0,Minor_Damage_And_Injuries
6338.0,Minor_Damage_And_Injuries
6342.0,Minor_Damage_And_Injuries
6349.0,Highly_Fatal_And_Damaging
6358.0,Highly_Fatal_And_Damaging
6359.0,Highly_Fatal_And_Damaging
6360.0,Minor_Damage_And_Injuries
6367.0,Highly_Fatal_And_Damaging
6377.0,Highly_Fatal_And_Damaging
6379.0,Minor_Damage_And_Injuries
6381.0,Highly_Fatal_And_Damaging
6391.0,Highly_Fatal_And_Damaging
6400.0,Minor_Damage_And_Injuries
6402.0,Minor_Damage_And_Injuries
6405.0,Significant_Damage_And_Serious_Injuries
6415.0,Highly_Fatal_And_Damaging
6416.0,Highly_Fatal_And_Damaging
6420.0,Highly_Fatal_And_Damaging
6434.0,Minor_Damage_And_Injuries
6448.0,Significant_Damage_And_Serious_Injuries
6451.0,Highly_Fatal_And_Damaging
6453.0,Significant_Damage_And_Serious_Injuries
6459.0,Significant_Damage_And_Serious_Injuries
6461.0,Highly_Fatal_And_Damaging
6467.0,Highly_Fatal_And_Damaging
6468.0,Highly_Fatal_And_Damaging
6473.0,Highly_Fatal_And_Damaging
6484.0,Significant_Damage_And_Serious_Injuries
6486.0,Highly_Fatal_And_Damaging
6490.0,Highly_Fatal_And_Damaging
6502.0,Minor_Damage_And_Injuries
6503.0,Significant_Damage_And_Fatalities
6507.0,Significant_Damage_And_Serious_Injuries
6512.0,Highly_Fatal_And_Damaging
6523.0,Significant_Damage_And_Serious_Injuries
6528.0,Significant_Damage_And_Serious_Injuries
6530.0,Significant_Damage_And_Fatalities
6543.0,Minor_Damage_And_Injuries
6546.0,Significant_Damage_And_Serious_Injuries
6548.0,Significant_Damage_And_Serious_Injuries
6551.0,Highly_Fatal_And_Damaging
6553.0,Significant_Damage_And_Serious_Injuries
6562.0,Highly_Fatal_And_Damaging
6571.0,Highly_Fatal_And_Damaging
6572.0,Significant_Damage_And_Serious_Injuries
6579.0,Highly_Fatal_And_Damaging
6584.0,Significant_Damage_And_Serious_Injuries
6588.0,Significant_Damage_And_Serious_Injuries
6596.0,Minor_Damage_And_Injuries
6599.0,Highly_Fatal_And_Damaging
6625.0,Highly_Fatal_And_Damaging
6632.0,Significant_Damage_And_Fatalities
6641.0,Significant_Damage_And_Serious_Injuries
6651.0,Minor_Damage_And_Injuries
6654.0,Minor_Damage_And_Injuries
6657.0,Highly_Fatal_And_Damaging
6665.0,Significant_Damage_And_Serious_Injuries
6671.0,Significant_Damage_And_Serious_Injuries
6672.0,Highly_Fatal_And_Damaging
6675.0,Highly_Fatal_And_Damaging
6676.0,Minor_Damage_And_Injuries
6682.0,Highly_Fatal_And_Damaging
6684.0,Significant_Damage_And_Serious_Injuries
6692.0,Significant_Damage_And_Serious_Injuries
6694.0,Significant_Damage_And_Fatalities
6700.0,Significant_Damage_And_Serious_Injuries
6723.0,Minor_Damage_And_Injuries
6726.0,Significant_Damage_And_Serious_Injuries
6729.0,Significant_Damage_And_Serious_Injuries
6734.0,Minor_Damage_And_Injuries
6737.0,Significant_Damage_And_Serious_Injuries
6738.0,Significant_Damage_And_Serious_Injuries
6745.0,Minor_Damage_And_Injuries
6747.0,Minor_Damage_And_Injuries
6750.0,Significant_Damage_And_Serious_Injuries
6754.0,Significant_Damage_And_Fatalities
6755.0,Significant_Damage_And_Serious_Injuries
6761.0,Minor_Damage_And_Injuries
6762.0,Highly_Fatal_And_Damaging
6765.0,Highly_Fatal_And_Damaging
6769.0,Significant_Damage_And_Fatalities
6785.0,Minor_Damage_And_Injuries
6788.0,Minor_Damage_And_Injuries
6793.0,Significant_Damage_And_Serious_Injuries
6796.0,Significant_Damage_And_Fatalities
6799.0,Significant_Damage_And_Serious_Injuries
6801.0,Significant_Damage_And_Fatalities
6807.0,Highly_Fatal_And_Damaging
6811.0,Minor_Damage_And_Injuries
6812.0,Significant_Damage_And_Fatalities
6815.0,Highly_Fatal_And_Damaging
6818.0,Minor_Damage_And_Injuries
6828.0,Significant_Damage_And_Serious_Injuries
6832.0,Highly_Fatal_And_Damaging
6833.0,Highly_Fatal_And_Damaging
6836.0,Significant_Damage_And_Fatalities
6839.0,Minor_Damage_And_Injuries
6842.0,Highly_Fatal_And_Damaging
6845.0,Significant_Damage_And_Serious_Injuries
6848.0,Highly_Fatal_And_Damaging
6849.0,Significant_Damage_And_Serious_Injuries
6850.0,Minor_Damage_And_Injuries
6853.0,Minor_Damage_And_Injuries
6862.0,Highly_Fatal_And_Damaging
6864.0,Significant_Damage_And_Fatalities
6868.0,Highly_Fatal_And_Damaging
6872.0,Highly_Fatal_And_Damaging
6892.0,Significant_Damage_And_Fatalities
6895.0,Significant_Damage_And_Serious_Injuries
6897.0,Minor_Damage_And_Injuries
6900.0,Significant_Damage_And_Serious_Injuries
6904.0,Highly_Fatal_And_Damaging
6907.0,Significant_Damage_And_Serious_Injuries
6912.0,Highly_Fatal_And_Damaging
6913.0,Highly_Fatal_And_Damaging
6920.0,Highly_Fatal_And_Damaging
6922.0,Significant_Damage_And_Fatalities
6924.0,Highly_Fatal_And_Damaging
6925.0,Highly_Fatal_And_Damaging
6929.0,Significant_Damage_And_Serious_Injuries
6933.0,Significant_Damage_And_Serious_Injuries
6938.0,Highly_Fatal_And_Damaging
6939.0,Minor_Damage_And_Injuries
6945.0,Significant_Damage_And_Fatalities
6950.0,Significant_Damage_And_Serious_Injuries
6953.0,Minor_Damage_And_Injuries
6957.0,Significant_Damage_And_Fatalities
6961.0,Minor_Damage_And_Injuries
6970.0,Significant_Damage_And_Serious_Injuries
6975.0,Significant_Damage_And_Fatalities
6978.0,Highly_Fatal_And_Damaging
6979.0,Significant_Damage_And_Serious_Injuries
6981.0,Significant_Damage_And_Serious_Injuries
6985.0,Minor_Damage_And_Injuries
6988.0,Significant_Damage_And_Fatalities
6989.0,Significant_Damage_And_Fatalities
6996.0,Highly_Fatal_And_Damaging
7007.0,Significant_Damage_And_Serious_Injuries
7008.0,Minor_Damage_And_Injuries
7016.0,Highly_Fatal_And_Damaging
7021.0,Highly_Fatal_And_Damaging
7022.0,Significant_Damage_And_Serious_Injuries
7029.0,Significant_Damage_And_Serious_Injuries
7035.0,Highly_Fatal_And_Damaging
7066.0,Minor_Damage_And_Injuries
7067.0,Highly_Fatal_And_Damaging
7068.0,Significant_Damage_And_Fatalities
7069.0,Highly_Fatal_And_Damaging
7072.0,Minor_Damage_And_Injuries
7077.0,Minor_Damage_And_Injuries
7079.0,Minor_Damage_And_Injuries
7080.0,Highly_Fatal_And_Damaging
7090.0,Significant_Damage_And_Serious_Injuries
7091.0,Minor_Damage_And_Injuries
7092.0,Significant_Damage_And_Fatalities
7093.0,Significant_Damage_And_Serious_Injuries
7109.0,Highly_Fatal_And_Damaging
7114.0,Highly_Fatal_And_Damaging
7118.0,Minor_Damage_And_Injuries
7122.0,Highly_Fatal_And_Damaging
7124.0,Minor_Damage_And_Injuries
7126.0,Highly_Fatal_And_Damaging
7132.0,Highly_Fatal_And_Damaging
7140.0,Highly_Fatal_And_Damaging
7154.0,Minor_Damage_And_Injuries
7156.0,Highly_Fatal_And_Damaging
7158.0,Highly_Fatal_And_Damaging
7172.0,Significant_Damage_And_Fatalities
7173.0,Significant_Damage_And_Serious_Injuries
7174.0,Highly_Fatal_And_Damaging
7176.0,Highly_Fatal_And_Damaging
7177.0,Minor_Damage_And_Injuries
7179.0,Highly_Fatal_And_Damaging
7181.0,Minor_Damage_And_Injuries
7182.0,Significant_Damage_And_Fatalities
7191.0,Highly_Fatal_And_Damaging
7194.0,Highly_Fatal_And_Damaging
7195.0,Significant_Damage_And_Fatalities
7200.0,Minor_Damage_And_Injuries
7201.0,Significant_Damage_And_Serious_Injuries
7205.0,Significant_Damage_And_Fatalities
7208.0,Significant_Damage_And_Fatalities
7209.0,Minor_Damage_And_Injuries
7210.0,Highly_Fatal_And_Damaging
7212.0,Significant_Damage_And_Fatalities
7213.0,Minor_Damage_And_Injuries
7216.0,Significant_Damage_And_Fatalities
7218.0,Significant_Damage_And_Serious_Injuries
7221.0,Minor_Damage_And_Injuries
7222.0,Significant_Damage_And_Serious_Injuries
7223.0,Significant_Damage_And_Serious_Injuries
7232.0,Minor_Damage_And_Injuries
7244.0,Significant_Damage_And_Serious_Injuries
7253.0,Highly_Fatal_And_Damaging
7255.0,Significant_Damage_And_Serious_Injuries
7267.0,Significant_Damage_And_Fatalities
7269.0,Highly_Fatal_And_Damaging
7279.0,Highly_Fatal_And_Damaging
7284.0,Minor_Damage_And_Injuries
7294.0,Significant_Damage_And_Fatalities
7296.0,Significant_Damage_And_Serious_Injuries
7298.0,Minor_Damage_And_Injuries
7307.0,Highly_Fatal_And_Damaging
7323.0,Minor_Damage_And_Injuries
7333.0,Highly_Fatal_And_Damaging
7335.0,Significant_Damage_And_Fatalities
7336.0,Highly_Fatal_And_Damaging
7338.0,Minor_Damage_And_Injuries
7345.0,Significant_Damage_And_Fatalities
7346.0,Significant_Damage_And_Serious_Injuries
7348.0,Significant_Damage_And_Serious_Injuries
7349.0,Significant_Damage_And_Serious_Injuries
7353.0,Highly_Fatal_And_Damaging
7354.0,Significant_Damage_And_Serious_Injuries
7355.0,Highly_Fatal_And_Damaging
7356.0,Minor_Damage_And_Injuries
7367.0,Minor_Damage_And_Injuries
7370.0,Significant_Damage_And_Fatalities
7375.0,Highly_Fatal_And_Damaging
7384.0,Significant_Damage_And_Serious_Injuries
7392.0,Highly_Fatal_And_Damaging
7394.0,Minor_Damage_And_Injuries
7395.0,Significant_Damage_And_Fatalities
7401.0,Significant_Damage_And_Serious_Injuries
7402.0,Significant_Damage_And_Fatalities
7407.0,Highly_Fatal_And_Damaging
7420.0,Significant_Damage_And_Serious_Injuries
7437.0,Minor_Damage_And_Injuries
7455.0,Highly_Fatal_And_Damaging
7460.0,Highly_Fatal_And_Damaging
7476.0,Significant_Damage_And_Fatalities
7478.0,Highly_Fatal_And_Damaging
7484.0,Highly_Fatal_And_Damaging
7491.0,Highly_Fatal_And_Damaging
7492.0,Minor_Damage_And_Injuries
7495.0,Significant_Damage_And_Fatalities
7503.0,Significant_Damage_And_Serious_Injuries
7505.0,Significant_Damage_And_Serious_Injuries
7506.0,Highly_Fatal_And_Damaging
7508.0,Highly_Fatal_And_Damaging
7513.0,Minor_Damage_And_Injuries
7526.0,Significant_Damage_And_Serious_Injuries
7530.0,Significant_Damage_And_Serious_Injuries
7534.0,Minor_Damage_And_Injuries
7537.0,Highly_Fatal_And_Damaging
7541.0,Significant_Damage_And_Serious_Injuries
7542.0,Significant_Damage_And_Serious_Injuries
7548.0,Significant_Damage_And_Serious_Injuries
7551.0,Highly_Fatal_And_Damaging
7553.0,Minor_Damage_And_Injuries
7554.0,Significant_Damage_And_Serious_Injuries
7557.0,Significant_Damage_And_Serious_Injuries
7563.0,Significant_Damage_And_Fatalities
7568.0,Minor_Damage_And_Injuries
7581.0,Highly_Fatal_And_Damaging
7582.0,Highly_Fatal_And_Damaging
7587.0,Highly_Fatal_And_Damaging
7617.0,Highly_Fatal_And_Damaging
7621.0,Minor_Damage_And_Injuries
7623.0,Significant_Damage_And_Serious_Injuries
7633.0,Significant_Damage_And_Serious_Injuries
7639.0,Significant_Damage_And_Fatalities
7654.0,Highly_Fatal_And_Damaging
7660.0,Highly_Fatal_And_Damaging
7661.0,Significant_Damage_And_Fatalities
7662.0,Significant_Damage_And_Fatalities
7663.0,Significant_Damage_And_Serious_Injuries
7664.0,Minor_Damage_And_Injuries
7665.0,Significant_Damage_And_Serious_Injuries
7668.0,Significant_Damage_And_Serious_Injuries
7682.0,Minor_Damage_And_Injuries
7683.0,Highly_Fatal_And_Damaging
7684.0,Highly_Fatal_And_Damaging
7687.0,Significant_Damage_And_Serious_Injuries
7691.0,Significant_Damage_And_Serious_Injuries
7701.0,Significant_Damage_And_Serious_Injuries
7702.0,Minor_Damage_And_Injuries
7705.0,Significant_Damage_And_Fatalities
7711.0,Minor_Damage_And_Injuries
7714.0,Minor_Damage_And_Injuries
7716.0,Highly_Fatal_And_Damaging
7725.0,Significant_Damage_And_Serious_Injuries
7726.0,Highly_Fatal_And_Damaging
7732.0,Highly_Fatal_And_Damaging
7748.0,Significant_Damage_And_Serious_Injuries
7755.0,Significant_Damage_And_Fatalities
7759.0,Highly_Fatal_And_Damaging
7763.0,Significant_Damage_And_Serious_Injuries
7767.0,Highly_Fatal_And_Damaging
7769.0,Highly_Fatal_And_Damaging
7781.0,Significant_Damage_And_Fatalities
7783.0,Minor_Damage_And_Injuries
7790.0,Minor_Damage_And_Injuries
7798.0,Minor_Damage_And_Injuries
7810.0,Minor_Damage_And_Injuries
7821.0,Minor_Damage_And_Injuries
7824.0,Significant_Damage_And_Fatalities
7828.0,Significant_Damage_And_Serious_Injuries
7838.0,Significant_Damage_And_Serious_Injuries
7841.0,Significant_Damage_And_Serious_Injuries
7847.0,Significant_Damage_And_Fatalities
7852.0,Significant_Damage_And_Serious_Injuries
7854.0,Highly_Fatal_And_Damaging
7857.0,Minor_Damage_And_Injuries
7867.0,Significant_Damage_And_Serious_Injuries
7868.0,Highly_Fatal_And_Damaging
7869.0,Significant_Damage_And_Serious_Injuries
7871.0,Significant_Damage_And_Serious_Injuries
7872.0,Significant_Damage_And_Serious_Injuries
7885.0,Highly_Fatal_And_Damaging
7889.0,Highly_Fatal_And_Damaging
7902.0,Significant_Damage_And_Serious_Injuries
7917.0,Highly_Fatal_And_Damaging
7918.0,Minor_Damage_And_Injuries
7919.0,Significant_Damage_And_Fatalities
7926.0,Highly_Fatal_And_Damaging
7927.0,Minor_Damage_And_Injuries
7928.0,Significant_Damage_And_Fatalities
7947.0,Minor_Damage_And_Injuries
7950.0,Significant_Damage_And_Serious_Injuries
7952.0,Highly_Fatal_And_Damaging
7955.0,Minor_Damage_And_Injuries
7966.0,Minor_Damage_And_Injuries
7981.0,Significant_Damage_And_Fatalities
7987.0,Highly_Fatal_And_Damaging
7996.0,Highly_Fatal_And_Damaging
7997.0,Highly_Fatal_And_Damaging
8012.0,Minor_Damage_And_Injuries
8018.0,Significant_Damage_And_Serious_Injuries
8020.0,Significant_Damage_And_Fatalities
8021.0,Minor_Damage_And_Injuries
8028.0,Significant_Damage_And_Serious_Injuries
8031.0,Significant_Damage_And_Serious_Injuries
8034.0,Minor_Damage_And_Injuries
8039.0,Significant_Damage_And_Serious_Injuries
8044.0,Minor_Damage_And_Injuries
8046.0,Highly_Fatal_And_Damaging
8049.0,Minor_Damage_And_Injuries
8052.0,Minor_Damage_And_Injuries
8054.0,Minor_Damage_And_Injuries
8057.0,Significant_Damage_And_Serious_Injuries
8058.0,Minor_Damage_And_Injuries
8061.0,Significant_Damage_And_Fatalities
8074.0,Minor_Damage_And_Injuries
8075.0,Significant_Damage_And_Serious_Injuries
8078.0,Significant_Damage_And_Serious_Injuries
8081.0,Minor_Damage_And_Injuries
8084.0,Significant_Damage_And_Serious_Injuries
8088.0,Minor_Damage_And_Injuries
8089.0,Minor_Damage_And_Injuries
8090.0,Significant_Damage_And_Serious_Injuries
8097.0,Highly_Fatal_And_Damaging
8101.0,Highly_Fatal_And_Damaging
8105.0,Highly_Fatal_And_Damaging
8115.0,Highly_Fatal_And_Damaging
8122.0,Significant_Damage_And_Serious_Injuries
8125.0,Minor_Damage_And_Injuries
8132.0,Minor_Damage_And_Injuries
8133.0,Highly_Fatal_And_Damaging
8136.0,Highly_Fatal_And_Damaging
8138.0,Significant_Damage_And_Serious_Injuries
8144.0,Significant_Damage_And_Fatalities
8146.0,Highly_Fatal_And_Damaging
8150.0,Minor_Damage_And_Injuries
8152.0,Highly_Fatal_And_Damaging
8157.0,Minor_Damage_And_Injuries
8167.0,Significant_Damage_And_Serious_Injuries
8172.0,Minor_Damage_And_Injuries
8178.0,Significant_Damage_And_Fatalities
8184.0,Significant_Damage_And_Serious_Injuries
8186.0,Highly_Fatal_And_Damaging
8187.0,Significant_Damage_And_Fatalities
8190.0,Highly_Fatal_And_Damaging
8198.0,Significant_Damage_And_Serious_Injuries
8200.0,Highly_Fatal_And_Damaging
8206.0,Significant_Damage_And_Serious_Injuries
8217.0,Significant_Damage_And_Serious_Injuries
8221.0,Highly_Fatal_And_Damaging
8224.0,Minor_Damage_And_Injuries
8230.0,Significant_Damage_And_Fatalities
8233.0,Minor_Damage_And_Injuries
8237.0,Significant_Damage_And_Serious_Injuries
8239.0,Highly_Fatal_And_Damaging
8240.0,Highly_Fatal_And_Damaging
8242.0,Minor_Damage_And_Injuries
8243.0,Highly_Fatal_And_Damaging
8246.0,Significant_Damage_And_Serious_Injuries
8251.0,Significant_Damage_And_Fatalities
8253.0,Highly_Fatal_And_Damaging
8268.0,Significant_Damage_And_Fatalities
8269.0,Highly_Fatal_And_Damaging
8277.0,Highly_Fatal_And_Damaging
8287.0,Highly_Fatal_And_Damaging
8294.0,Minor_Damage_And_Injuries
8297.0,Minor_Damage_And_Injuries
8314.0,Minor_Damage_And_Injuries
8315.0,Significant_Damage_And_Serious_Injuries
8317.0,Minor_Damage_And_Injuries
8319.0,Highly_Fatal_And_Damaging
8322.0,Significant_Damage_And_Serious_Injuries
8327.0,Significant_Damage_And_Serious_Injuries
8329.0,Significant_Damage_And_Fatalities
8336.0,Minor_Damage_And_Injuries
8345.0,Highly_Fatal_And_Damaging
8361.0,Minor_Damage_And_Injuries
8362.0,Highly_Fatal_And_Damaging
8365.0,Significant_Damage_And_Serious_Injuries
8369.0,Highly_Fatal_And_Damaging
8372.0,Significant_Damage_And_Fatalities
8374.0,Minor_Damage_And_Injuries
8376.0,Highly_Fatal_And_Damaging
8377.0,Highly_Fatal_And_Damaging
8388.0,Highly_Fatal_And_Damaging
8389.0,Minor_Damage_And_Injuries
8390.0,Highly_Fatal_And_Damaging
8395.0,Significant_Damage_And_Fatalities
8402.0,Minor_Damage_And_Injuries
8412.0,Minor_Damage_And_Injuries
8419.0,Significant_Damage_And_Fatalities
8426.0,Highly_Fatal_And_Damaging
8428.0,Significant_Damage_And_Serious_Injuries
8429.0,Highly_Fatal_And_Damaging
8431.0,Highly_Fatal_And_Damaging
8450.0,Highly_Fatal_And_Damaging
8456.0,Highly_Fatal_And_Damaging
8463.0,Highly_Fatal_And_Damaging
8490.0,Highly_Fatal_And_Damaging
8491.0,Minor_Damage_And_Injuries
8496.0,Minor_Damage_And_Injuries
8507.0,Highly_Fatal_And_Damaging
8513.0,Highly_Fatal_And_Damaging
8517.0,Significant_Damage_And_Serious_Injuries
8519.0,Significant_Damage_And_Fatalities
8524.0,Significant_Damage_And_Fatalities
8542.0,Significant_Damage_And_Serious_Injuries
8543.0,Significant_Damage_And_Serious_Injuries
8551.0,Significant_Damage_And_Serious_Injuries
8553.0,Significant_Damage_And_Serious_Injuries
8562.0,Significant_Damage_And_Fatalities
8567.0,Significant_Damage_And_Fatalities
8571.0,Significant_Damage_And_Serious_Injuries
8574.0,Minor_Damage_And_Injuries
8575.0,Minor_Damage_And_Injuries
8576.0,Significant_Damage_And_Serious_Injuries
8586.0,Highly_Fatal_And_Damaging
8587.0,Highly_Fatal_And_Damaging
8590.0,Significant_Damage_And_Serious_Injuries
8594.0,Significant_Damage_And_Fatalities
8596.0,Minor_Damage_And_Injuries
8599.0,Significant_Damage_And_Serious_Injuries
8604.0,Minor_Damage_And_Injuries
8606.0,Significant_Damage_And_Serious_Injuries
8620.0,Highly_Fatal_And_Damaging
8623.0,Significant_Damage_And_Serious_Injuries
8643.0,Significant_Damage_And_Serious_Injuries
8652.0,Minor_Damage_And_Injuries
8653.0,Significant_Damage_And_Serious_Injuries
8655.0,Significant_Damage_And_Serious_Injuries
8657.0,Significant_Damage_And_Serious_Injuries
8663.0,Minor_Damage_And_Injuries
8665.0,Minor_Damage_And_Injuries
8685.0,Significant_Damage_And_Serious_Injuries
8715.0,Minor_Damage_And_Injuries
8719.0,Highly_Fatal_And_Damaging
8724.0,Minor_Damage_And_Injuries
8725.0,Minor_Damage_And_Injuries
8726.0,Highly_Fatal_And_Damaging
8728.0,Significant_Damage_And_Serious_Injuries
8729.0,Significant_Damage_And_Fatalities
8730.0,Significant_Damage_And_Fatalities
8737.0,Minor_Damage_And_Injuries
8743.0,Significant_Damage_And_Serious_Injuries
8744.0,Significant_Damage_And_Serious_Injuries
8747.0,Significant_Damage_And_Fatalities
8749.0,Highly_Fatal_And_Damaging
8751.0,Significant_Damage_And_Serious_Injuries
8754.0,Highly_Fatal_And_Damaging
8756.0,Significant_Damage_And_Serious_Injuries
8759.0,Minor_Damage_And_Injuries
8767.0,Significant_Damage_And_Serious_Injuries
8772.0,Highly_Fatal_And_Damaging
8773.0,Minor_Damage_And_Injuries
8776.0,Significant_Damage_And_Serious_Injuries
8780.0,Highly_Fatal_And_Damaging
8781.0,Minor_Damage_And_Injuries
8786.0,Minor_Damage_And_Injuries
8791.0,Significant_Damage_And_Serious_Injuries
8793.0,Highly_Fatal_And_Damaging
8796.0,Significant_Damage_And_Fatalities
8798.0,Minor_Damage_And_Injuries
8804.0,Significant_Damage_And_Fatalities
8812.0,Minor_Damage_And_Injuries
8815.0,Significant_Damage_And_Fatalities
8862.0,Significant_Damage_And_Serious_Injuries
8867.0,Significant_Damage_And_Serious_Injuries
8870.0,Significant_Damage_And_Serious_Injuries
8873.0,Highly_Fatal_And_Damaging
8875.0,Highly_Fatal_And_Damaging
8881.0,Significant_Damage_And_Fatalities
8882.0,Minor_Damage_And_Injuries
8901.0,Minor_Damage_And_Injuries
8903.0,Minor_Damage_And_Injuries
8905.0,Significant_Damage_And_Serious_Injuries
8908.0,Significant_Damage_And_Serious_Injuries
8909.0,Highly_Fatal_And_Damaging
8913.0,Minor_Damage_And_Injuries
8916.0,Significant_Damage_And_Serious_Injuries
8931.0,Significant_Damage_And_Fatalities
8936.0,Highly_Fatal_And_Damaging
8943.0,Significant_Damage_And_Fatalities
8944.0,Minor_Damage_And_Injuries
8961.0,Significant_Damage_And_Fatalities
8970.0,Significant_Damage_And_Fatalities
8976.0,Significant_Damage_And_Fatalities
8983.0,Significant_Damage_And_Fatalities
8989.0,Minor_Damage_And_Injuries
8998.0,Significant_Damage_And_Fatalities
8999.0,Minor_Damage_And_Injuries
9002.0,Highly_Fatal_And_Damaging
9013.0,Minor_Damage_And_Injuries
9014.0,Significant_Damage_And_Serious_Injuries
9018.0,Significant_Damage_And_Fatalities
9026.0,Highly_Fatal_And_Damaging
9027.0,Significant_Damage_And_Serious_Injuries
9033.0,Highly_Fatal_And_Damaging
9035.0,Significant_Damage_And_Fatalities
9040.0,Significant_Damage_And_Serious_Injuries
9047.0,Minor_Damage_And_Injuries
9049.0,Highly_Fatal_And_Damaging
9051.0,Highly_Fatal_And_Damaging
9057.0,Significant_Damage_And_Serious_Injuries
9072.0,Significant_Damage_And_Fatalities
9078.0,Minor_Damage_And_Injuries
9080.0,Significant_Damage_And_Serious_Injuries
9081.0,Significant_Damage_And_Serious_Injuries
9083.0,Minor_Damage_And_Injuries
9088.0,Significant_Damage_And_Serious_Injuries
9089.0,Significant_Damage_And_Serious_Injuries
9109.0,Highly_Fatal_And_Damaging
9111.0,Significant_Damage_And_Serious_Injuries
9113.0,Significant_Damage_And_Serious_Injuries
9117.0,Minor_Damage_And_Injuries
9119.0,Highly_Fatal_And_Damaging
9123.0,Significant_Damage_And_Serious_Injuries
9127.0,Significant_Damage_And_Serious_Injuries
9135.0,Significant_Damage_And_Fatalities
9139.0,Minor_Damage_And_Injuries
9143.0,Significant_Damage_And_Fatalities
9148.0,Minor_Damage_And_Injuries
9160.0,Highly_Fatal_And_Damaging
9166.0,Highly_Fatal_And_Damaging
9176.0,Significant_Damage_And_Serious_Injuries
9177.0,Significant_Damage_And_Serious_Injuries
9178.0,Minor_Damage_And_Injuries
9181.0,Minor_Damage_And_Injuries
9185.0,Significant_Damage_And_Fatalities
9187.0,Minor_Damage_And_Injuries
9192.0,Significant_Damage_And_Serious_Injuries
9200.0,Highly_Fatal_And_Damaging
9212.0,Significant_Damage_And_Serious_Injuries
9219.0,Highly_Fatal_And_Damaging
9230.0,Significant_Damage_And_Serious_Injuries
9231.0,Highly_Fatal_And_Damaging
9232.0,Highly_Fatal_And_Damaging
9239.0,Significant_Damage_And_Fatalities
9242.0,Highly_Fatal_And_Damaging
9245.0,Significant_Damage_And_Serious_Injuries
9247.0,Highly_Fatal_And_Damaging
9250.0,Highly_Fatal_And_Damaging
9252.0,Highly_Fatal_And_Damaging
9257.0,Significant_Damage_And_Serious_Injuries
9260.0,Significant_Damage_And_Serious_Injuries
9264.0,Significant_Damage_And_Serious_Injuries
9266.0,Highly_Fatal_And_Damaging
9270.0,Highly_Fatal_And_Damaging
9274.0,Minor_Damage_And_Injuries
9279.0,Highly_Fatal_And_Damaging
9281.0,Minor_Damage_And_Injuries
9282.0,Significant_Damage_And_Serious_Injuries
9283.0,Significant_Damage_And_Serious_Injuries
9292.0,Highly_Fatal_And_Damaging
9300.0,Minor_Damage_And_Injuries
9302.0,Significant_Damage_And_Serious_Injuries
9303.0,Significant_Damage_And_Serious_Injuries
9308.0,Significant_Damage_And_Serious_Injuries
9313.0,Highly_Fatal_And_Damaging
9321.0,Significant_Damage_And_Serious_Injuries
9324.0,Significant_Damage_And_Serious_Injuries
9333.0,Significant_Damage_And_Fatalities
9340.0,Minor_Damage_And_Injuries
9349.0,Significant_Damage_And_Serious_Injuries
9351.0,Highly_Fatal_And_Damaging
9352.0,Highly_Fatal_And_Damaging
9353.0,Minor_Damage_And_Injuries
9359.0,Significant_Damage_And_Fatalities
9363.0,Significant_Damage_And_Fatalities
9365.0,Minor_Damage_And_Injuries
9373.0,Minor_Damage_And_Injuries
9377.0,Minor_Damage_And_Injuries
9383.0,Highly_Fatal_And_Damaging
9389.0,Minor_Damage_And_Injuries
9392.0,Significant_Damage_And_Fatalities
9400.0,Minor_Damage_And_Injuries
9401.0,Significant_Damage_And_Fatalities
9407.0,Minor_Damage_And_Injuries
9408.0,Minor_Damage_And_Injuries
9417.0,Minor_Damage_And_Injuries
9423.0,Highly_Fatal_And_Damaging
9424.0,Significant_Damage_And_Serious_Injuries
9430.0,Highly_Fatal_And_Damaging
9449.0,Highly_Fatal_And_Damaging
9452.0,Significant_Damage_And_Fatalities
9453.0,Significant_Damage_And_Serious_Injuries
9456.0,Significant_Damage_And_Fatalities
9461.0,Minor_Damage_And_Injuries
9463.0,Significant_Damage_And_Fatalities
9465.0,Significant_Damage_And_Fatalities
9471.0,Minor_Damage_And_Injuries
9484.0,Significant_Damage_And_Serious_Injuries
9489.0,Significant_Damage_And_Serious_Injuries
9495.0,Significant_Damage_And_Serious_Injuries
9508.0,Minor_Damage_And_Injuries
9515.0,Highly_Fatal_And_Damaging
9521.0,Minor_Damage_And_Injuries
9528.0,Significant_Damage_And_Serious_Injuries
9534.0,Significant_Damage_And_Fatalities
9539.0,Significant_Damage_And_Serious_Injuries
9540.0,Highly_Fatal_And_Damaging
9553.0,Significant_Damage_And_Serious_Injuries
9557.0,Minor_Damage_And_Injuries
9565.0,Highly_Fatal_And_Damaging
9572.0,Minor_Damage_And_Injuries
9583.0,Highly_Fatal_And_Damaging
9584.0,Highly_Fatal_And_Damaging
9585.0,Minor_Damage_And_Injuries
9588.0,Highly_Fatal_And_Damaging
9591.0,Minor_Damage_And_Injuries
9595.0,Highly_Fatal_And_Damaging
9602.0,Highly_Fatal_And_Damaging
9612.0,Significant_Damage_And_Serious_Injuries
9615.0,Highly_Fatal_And_Damaging
9622.0,Significant_Damage_And_Serious_Injuries
9632.0,Significant_Damage_And_Serious_Injuries
9636.0,Minor_Damage_And_Injuries
9640.0,Minor_Damage_And_Injuries
9641.0,Minor_Damage_And_Injuries
9648.0,Significant_Damage_And_Serious_Injuries
9659.0,Minor_Damage_And_Injuries
9667.0,Significant_Damage_And_Serious_Injuries
9669.0,Significant_Damage_And_Serious_Injuries
9672.0,Minor_Damage_And_Injuries
9689.0,Significant_Damage_And_Serious_Injuries
9694.0,Highly_Fatal_And_Damaging
9695.0,Highly_Fatal_And_Damaging
9696.0,Highly_Fatal_And_Damaging
9699.0,Significant_Damage_And_Fatalities
9717.0,Significant_Damage_And_Fatalities
9720.0,Highly_Fatal_And_Damaging
9721.0,Significant_Damage_And_Serious_Injuries
9729.0,Significant_Damage_And_Serious_Injuries
9736.0,Highly_Fatal_And_Damaging
9740.0,Significant_Damage_And_Fatalities
9746.0,Significant_Damage_And_Serious_Injuries
9748.0,Minor_Damage_And_Injuries
9750.0,Minor_Damage_And_Injuries
9751.0,Highly_Fatal_And_Damaging
9755.0,Highly_Fatal_And_Damaging
9757.0,Significant_Damage_And_Fatalities
9759.0,Minor_Damage_And_Injuries
9761.0,Highly_Fatal_And_Damaging
9770.0,Minor_Damage_And_Injuries
9778.0,Minor_Damage_And_Injuries
9779.0,Minor_Damage_And_Injuries
9783.0,Minor_Damage_And_Injuries
9784.0,Significant_Damage_And_Fatalities
9791.0,Significant_Damage_And_Fatalities
9798.0,Significant_Damage_And_Serious_Injuries
9804.0,Highly_Fatal_And_Damaging
9809.0,Significant_Damage_And_Fatalities
9811.0,Significant_Damage_And_Serious_Injuries
9817.0,Minor_Damage_And_Injuries
9818.0,Significant_Damage_And_Serious_Injuries
9819.0,Significant_Damage_And_Fatalities
9820.0,Highly_Fatal_And_Damaging
9838.0,Highly_Fatal_And_Damaging
9840.0,Significant_Damage_And_Serious_Injuries
9856.0,Significant_Damage_And_Fatalities
9858.0,Minor_Damage_And_Injuries
9861.0,Highly_Fatal_And_Damaging
9864.0,Significant_Damage_And_Serious_Injuries
9866.0,Highly_Fatal_And_Damaging
9889.0,Highly_Fatal_And_Damaging
9890.0,Minor_Damage_And_Injuries
9894.0,Significant_Damage_And_Serious_Injuries
9896.0,Significant_Damage_And_Serious_Injuries
9900.0,Highly_Fatal_And_Damaging
9901.0,Highly_Fatal_And_Damaging
9903.0,Highly_Fatal_And_Damaging
9905.0,Minor_Damage_And_Injuries
9906.0,Highly_Fatal_And_Damaging
9912.0,Minor_Damage_And_Injuries
9913.0,Significant_Damage_And_Fatalities
9915.0,Minor_Damage_And_Injuries
9918.0,Significant_Damage_And_Serious_Injuries
9919.0,Significant_Damage_And_Fatalities
9920.0,Highly_Fatal_And_Damaging
9924.0,Significant_Damage_And_Serious_Injuries
9925.0,Significant_Damage_And_Fatalities
9930.0,Significant_Damage_And_Serious_Injuries
9936.0,Minor_Damage_And_Injuries
9939.0,Significant_Damage_And_Fatalities
9945.0,Significant_Damage_And_Serious_Injuries
9947.0,Significant_Damage_And_Fatalities
9948.0,Significant_Damage_And_Serious_Injuries
9956.0,Significant_Damage_And_Serious_Injuries
9963.0,Highly_Fatal_And_Damaging
9965.0,Minor_Damage_And_Injuries
9969.0,Significant_Damage_And_Serious_Injuries
9972.0,Significant_Damage_And_Serious_Injuries
9980.0,Highly_Fatal_And_Damaging
9985.0,Highly_Fatal_And_Damaging
9991.0,Significant_Damage_And_Serious_Injuries
9999.0,Significant_Damage_And_Fatalities
10000.0,Significant_Damage_And_Fatalities
10002.0,Highly_Fatal_And_Damaging
10004.0,Minor_Damage_And_Injuries
10006.0,Minor_Damage_And_Injuries
10008.0,Significant_Damage_And_Fatalities
10024.0,Significant_Damage_And_Serious_Injuries
10032.0,Minor_Damage_And_Injuries
10038.0,Minor_Damage_And_Injuries
10054.0,Minor_Damage_And_Injuries
10057.0,Significant_Damage_And_Serious_Injuries
10062.0,Significant_Damage_And_Fatalities
10069.0,Highly_Fatal_And_Damaging
10074.0,Minor_Damage_And_Injuries
10085.0,Highly_Fatal_And_Damaging
10086.0,Minor_Damage_And_Injuries
10089.0,Significant_Damage_And_Serious_Injuries
10092.0,Highly_Fatal_And_Damaging
10102.0,Highly_Fatal_And_Damaging
10104.0,Minor_Damage_And_Injuries
10112.0,Highly_Fatal_And_Damaging
10114.0,Significant_Damage_And_Serious_Injuries
10129.0,Significant_Damage_And_Serious_Injuries
10134.0,Significant_Damage_And_Serious_Injuries
10138.0,Minor_Damage_And_Injuries
10145.0,Minor_Damage_And_Injuries
10152.0,Minor_Damage_And_Injuries
10156.0,Minor_Damage_And_Injuries
10171.0,Minor_Damage_And_Injuries
10182.0,Minor_Damage_And_Injuries
10183.0,Significant_Damage_And_Fatalities
10185.0,Minor_Damage_And_Injuries
10194.0,Significant_Damage_And_Fatalities
10199.0,Significant_Damage_And_Serious_Injuries
10212.0,Minor_Damage_And_Injuries
10220.0,Minor_Damage_And_Injuries
10222.0,Minor_Damage_And_Injuries
10233.0,Significant_Damage_And_Serious_Injuries
10235.0,Highly_Fatal_And_Damaging
10236.0,Significant_Damage_And_Serious_Injuries
10243.0,Significant_Damage_And_Fatalities
10247.0,Highly_Fatal_And_Damaging
10251.0,Minor_Damage_And_Injuries
10253.0,Minor_Damage_And_Injuries
10263.0,Highly_Fatal_And_Damaging
10273.0,Significant_Damage_And_Serious_Injuries
10276.0,Highly_Fatal_And_Damaging
10282.0,Significant_Damage_And_Fatalities
10291.0,Minor_Damage_And_Injuries
10298.0,Minor_Damage_And_Injuries
10300.0,Significant_Damage_And_Serious_Injuries
10303.0,Highly_Fatal_And_Damaging
10306.0,Minor_Damage_And_Injuries
10307.0,Significant_Damage_And_Fatalities
10310.0,Significant_Damage_And_Fatalities
10316.0,Significant_Damage_And_Serious_Injuries
10324.0,Highly_Fatal_And_Damaging
10325.0,Highly_Fatal_And_Damaging
10331.0,Significant_Damage_And_Serious_Injuries
10332.0,Significant_Damage_And_Fatalities
10338.0,Significant_Damage_And_Fatalities
10351.0,Significant_Damage_And_Fatalities
10358.0,Significant_Damage_And_Serious_Injuries
10359.0,Significant_Damage_And_Serious_Injuries
10360.0,Significant_Damage_And_Fatalities
10366.0,Significant_Damage_And_Serious_Injuries
10372.0,Highly_Fatal_And_Damaging
10374.0,Minor_Damage_And_Injuries
10390.0,Highly_Fatal_And_Damaging
10400.0,Minor_Damage_And_Injuries
10404.0,Significant_Damage_And_Serious_Injuries
10406.0,Significant_Damage_And_Fatalities
10425.0,Minor_Damage_And_Injuries
10442.0,Highly_Fatal_And_Damaging
10452.0,Highly_Fatal_And_Damaging
10465.0,Minor_Damage_And_Injuries
10467.0,Significant_Damage_And_Fatalities
10480.0,Minor_Damage_And_Injuries
10483.0,Minor_Damage_And_Injuries
10486.0,Significant_Damage_And_Serious_Injuries
10490.0,Minor_Damage_And_Injuries
10491.0,Significant_Damage_And_Serious_Injuries
10495.0,Significant_Damage_And_Serious_Injuries
10496.0,Significant_Damage_And_Fatalities
10504.0,Highly_Fatal_And_Damaging
10506.0,Minor_Damage_And_Injuries
10508.0,Significant_Damage_And_Fatalities
10514.0,Highly_Fatal_And_Damaging
10515.0,Significant_Damage_And_Fatalities
10517.0,Highly_Fatal_And_Damaging
10518.0,Highly_Fatal_And_Damaging
10520.0,Significant_Damage_And_Serious_Injuries
10527.0,Highly_Fatal_And_Damaging
10535.0,Minor_Damage_And_Injuries
10536.0,Highly_Fatal_And_Damaging
10547.0,Minor_Damage_And_Injuries
10553.0,Minor_Damage_And_Injuries
10555.0,Highly_Fatal_And_Damaging
10556.0,Significant_Damage_And_Fatalities
10557.0,Highly_Fatal_And_Damaging
10560.0,Significant_Damage_And_Serious_Injuries
10572.0,Highly_Fatal_And_Damaging
10573.0,Minor_Damage_And_Injuries
10582.0,Highly_Fatal_And_Damaging
10587.0,Highly_Fatal_And_Damaging
10588.0,Significant_Damage_And_Serious_Injuries
10596.0,Significant_Damage_And_Serious_Injuries
10600.0,Highly_Fatal_And_Damaging
10601.0,Significant_Damage_And_Fatalities
10604.0,Highly_Fatal_And_Damaging
10607.0,Significant_Damage_And_Fatalities
10613.0,Highly_Fatal_And_Damaging
10618.0,Highly_Fatal_And_Damaging
10621.0,Highly_Fatal_And_Damaging
10624.0,Highly_Fatal_And_Damaging
10633.0,Significant_Damage_And_Serious_Injuries
10638.0,Significant_Damage_And_Fatalities
10640.0,Significant_Damage_And_Serious_Injuries
10644.0,Significant_Damage_And_Fatalities
10647.0,Highly_Fatal_And_Damaging
10653.0,Minor_Damage_And_Injuries
10657.0,Significant_Damage_And_Serious_Injuries
10658.0,Highly_Fatal_And_Damaging
10670.0,Minor_Damage_And_Injuries
10674.0,Minor_Damage_And_Injuries
10685.0,Significant_Damage_And_Fatalities
10687.0,Significant_Damage_And_Fatalities
10691.0,Minor_Damage_And_Injuries
10692.0,Highly_Fatal_And_Damaging
10698.0,Minor_Damage_And_Injuries
10699.0,Significant_Damage_And_Serious_Injuries
10702.0,Significant_Damage_And_Serious_Injuries
10711.0,Significant_Damage_And_Serious_Injuries
10713.0,Significant_Damage_And_Fatalities
10718.0,Minor_Damage_And_Injuries
10729.0,Significant_Damage_And_Serious_Injuries
10733.0,Highly_Fatal_And_Damaging
10736.0,Highly_Fatal_And_Damaging
10737.0,Minor_Damage_And_Injuries
10740.0,Highly_Fatal_And_Damaging
10746.0,Minor_Damage_And_Injuries
10748.0,Significant_Damage_And_Serious_Injuries
10749.0,Minor_Damage_And_Injuries
10750.0,Highly_Fatal_And_Damaging
10751.0,Highly_Fatal_And_Damaging
10753.0,Highly_Fatal_And_Damaging
10776.0,Significant_Damage_And_Serious_Injuries
10781.0,Highly_Fatal_And_Damaging
10786.0,Significant_Damage_And_Fatalities
10792.0,Significant_Damage_And_Serious_Injuries
10798.0,Significant_Damage_And_Serious_Injuries
10799.0,Minor_Damage_And_Injuries
10808.0,Highly_Fatal_And_Damaging
10809.0,Significant_Damage_And_Fatalities
10810.0,Significant_Damage_And_Serious_Injuries
10812.0,Minor_Damage_And_Injuries
10813.0,Minor_Damage_And_Injuries
10815.0,Significant_Damage_And_Serious_Injuries
10819.0,Highly_Fatal_And_Damaging
10821.0,Minor_Damage_And_Injuries
10826.0,Minor_Damage_And_Injuries
10832.0,Minor_Damage_And_Injuries
10836.0,Minor_Damage_And_Injuries
10846.0,Highly_Fatal_And_Damaging
10853.0,Highly_Fatal_And_Damaging
10854.0,Significant_Damage_And_Serious_Injuries
10866.0,Minor_Damage_And_Injuries
10867.0,Minor_Damage_And_Injuries
10875.0,Minor_Damage_And_Injuries
10882.0,Significant_Damage_And_Fatalities
10892.0,Highly_Fatal_And_Damaging
10895.0,Highly_Fatal_And_Damaging
10915.0,Highly_Fatal_And_Damaging
10921.0,Highly_Fatal_And_Damaging
10926.0,Highly_Fatal_And_Damaging
10927.0,Highly_Fatal_And_Damaging
10934.0,Minor_Damage_And_Injuries
10936.0,Minor_Damage_And_Injuries
10938.0,Highly_Fatal_And_Damaging
10941.0,Significant_Damage_And_Serious_Injuries
10953.0,Significant_Damage_And_Fatalities
10956.0,Significant_Damage_And_Serious_Injuries
10957.0,Highly_Fatal_And_Damaging
10959.0,Significant_Damage_And_Fatalities
10960.0,Highly_Fatal_And_Damaging
10963.0,Highly_Fatal_And_Damaging
10970.0,Highly_Fatal_And_Damaging
10981.0,Minor_Damage_And_Injuries
10982.0,Minor_Damage_And_Injuries
10984.0,Highly_Fatal_And_Damaging
10988.0,Significant_Damage_And_Serious_Injuries
10996.0,Minor_Damage_And_Injuries
11002.0,Minor_Damage_And_Injuries
11011.0,Significant_Damage_And_Serious_Injuries
11017.0,Highly_Fatal_And_Damaging
11019.0,Minor_Damage_And_Injuries
11024.0,Significant_Damage_And_Serious_Injuries
11029.0,Significant_Damage_And_Serious_Injuries
11030.0,Highly_Fatal_And_Damaging
11032.0,Significant_Damage_And_Serious_Injuries
11036.0,Minor_Damage_And_Injuries
11037.0,Highly_Fatal_And_Damaging
11040.0,Highly_Fatal_And_Damaging
11043.0,Minor_Damage_And_Injuries
11051.0,Minor_Damage_And_Injuries
11055.0,Highly_Fatal_And_Damaging
11056.0,Significant_Damage_And_Serious_Injuries
11059.0,Minor_Damage_And_Injuries
11063.0,Significant_Damage_And_Serious_Injuries
11067.0,Significant_Damage_And_Serious_Injuries
11069.0,Highly_Fatal_And_Damaging
11080.0,Highly_Fatal_And_Damaging
11082.0,Highly_Fatal_And_Damaging
11083.0,Significant_Damage_And_Serious_Injuries
11095.0,Minor_Damage_And_Injuries
11102.0,Highly_Fatal_And_Damaging
11114.0,Minor_Damage_And_Injuries
11115.0,Highly_Fatal_And_Damaging
11122.0,Significant_Damage_And_Fatalities
11125.0,Highly_Fatal_And_Damaging
11132.0,Highly_Fatal_And_Damaging
11140.0,Minor_Damage_And_Injuries
11147.0,Highly_Fatal_And_Damaging
11148.0,Significant_Damage_And_Serious_Injuries
11151.0,Highly_Fatal_And_Damaging
11156.0,Highly_Fatal_And_Damaging
11168.0,Highly_Fatal_And_Damaging
11174.0,Highly_Fatal_And_Damaging
11175.0,Minor_Damage_And_Injuries
11180.0,Minor_Damage_And_Injuries
11189.0,Highly_Fatal_And_Damaging
11193.0,Minor_Damage_And_Injuries
11196.0,Significant_Damage_And_Serious_Injuries
11197.0,Minor_Damage_And_Injuries
11198.0,Highly_Fatal_And_Damaging
11199.0,Highly_Fatal_And_Damaging
11204.0,Minor_Damage_And_Injuries
11211.0,Highly_Fatal_And_Damaging
11225.0,Highly_Fatal_And_Damaging
11235.0,Highly_Fatal_And_Damaging
11239.0,Minor_Damage_And_Injuries
11241.0,Minor_Damage_And_Injuries
11250.0,Significant_Damage_And_Serious_Injuries
11251.0,Highly_Fatal_And_Damaging
11254.0,Minor_Damage_And_Injuries
11260.0,Highly_Fatal_And_Damaging
11261.0,Highly_Fatal_And_Damaging
11263.0,Significant_Damage_And_Serious_Injuries
11267.0,Highly_Fatal_And_Damaging
11270.0,Significant_Damage_And_Serious_Injuries
11272.0,Significant_Damage_And_Serious_Injuries
11275.0,Minor_Damage_And_Injuries
11276.0,Significant_Damage_And_Serious_Injuries
11280.0,Significant_Damage_And_Fatalities
11282.0,Minor_Damage_And_Injuries
11287.0,Minor_Damage_And_Injuries
11289.0,Significant_Damage_And_Serious_Injuries
11291.0,Minor_Damage_And_Injuries
11293.0,Significant_Damage_And_Fatalities
11297.0,Significant_Damage_And_Fatalities
11301.0,Significant_Damage_And_Serious_Injuries
11308.0,Minor_Damage_And_Injuries
11309.0,Highly_Fatal_And_Damaging
11310.0,Significant_Damage_And_Serious_Injuries
11311.0,Minor_Damage_And_Injuries
11312.0,Significant_Damage_And_Serious_Injuries
11315.0,Significant_Damage_And_Serious_Injuries
11317.0,Minor_Damage_And_Injuries
11326.0,Minor_Damage_And_Injuries
11334.0,Highly_Fatal_And_Damaging
11337.0,Highly_Fatal_And_Damaging
11339.0,Highly_Fatal_And_Damaging
11346.0,Highly_Fatal_And_Damaging
11347.0,Significant_Damage_And_Fatalities
11348.0,Significant_Damage_And_Serious_Injuries
11352.0,Significant_Damage_And_Fatalities
11357.0,Minor_Damage_And_Injuries
11360.0,Highly_Fatal_And_Damaging
11368.0,Minor_Damage_And_Injuries
11396.0,Significant_Damage_And_Fatalities
11405.0,Significant_Damage_And_Serious_Injuries
11411.0,Highly_Fatal_And_Damaging
11412.0,Minor_Damage_And_Injuries
11414.0,Minor_Damage_And_Injuries
11417.0,Highly_Fatal_And_Damaging
11421.0,Significant_Damage_And_Fatalities
11424.0,Significant_Damage_And_Serious_Injuries
11428.0,Significant_Damage_And_Serious_Injuries
11436.0,Significant_Damage_And_Serious_Injuries
11438.0,Significant_Damage_And_Fatalities
11439.0,Minor_Damage_And_Injuries
11449.0,Significant_Damage_And_Fatalities
11454.0,Highly_Fatal_And_Damaging
11456.0,Minor_Damage_And_Injuries
11458.0,Highly_Fatal_And_Damaging
11460.0,Minor_Damage_And_Injuries
11461.0,Minor_Damage_And_Injuries
11467.0,Minor_Damage_And_Injuries
11468.0,Minor_Damage_And_Injuries
11480.0,Significant_Damage_And_Serious_Injuries
11485.0,Minor_Damage_And_Injuries
11486.0,Significant_Damage_And_Serious_Injuries
11491.0,Minor_Damage_And_Injuries
11498.0,Highly_Fatal_And_Damaging
11501.0,Minor_Damage_And_Injuries
11502.0,Significant_Damage_And_Fatalities
11506.0,Highly_Fatal_And_Damaging
11521.0,Highly_Fatal_And_Damaging
11523.0,Highly_Fatal_And_Damaging
11524.0,Minor_Damage_And_Injuries
11529.0,Highly_Fatal_And_Damaging
11532.0,Minor_Damage_And_Injuries
11542.0,Highly_Fatal_And_Damaging
11555.0,Significant_Damage_And_Serious_Injuries
11559.0,Highly_Fatal_And_Damaging
11563.0,Significant_Damage_And_Serious_Injuries
11566.0,Minor_Damage_And_Injuries
11572.0,Highly_Fatal_And_Damaging
11575.0,Significant_Damage_And_Serious_Injuries
11577.0,Significant_Damage_And_Fatalities
11579.0,Highly_Fatal_And_Damaging
11581.0,Highly_Fatal_And_Damaging
11591.0,Highly_Fatal_And_Damaging
11594.0,Significant_Damage_And_Fatalities
11598.0,Highly_Fatal_And_Damaging
11599.0,Minor_Damage_And_Injuries
11601.0,Significant_Damage_And_Serious_Injuries
11602.0,Highly_Fatal_And_Damaging
11603.0,Minor_Damage_And_Injuries
11610.0,Significant_Damage_And_Fatalities
11611.0,Highly_Fatal_And_Damaging
11614.0,Significant_Damage_And_Serious_Injuries
11621.0,Significant_Damage_And_Serious_Injuries
11625.0,Significant_Damage_And_Serious_Injuries
11632.0,Significant_Damage_And_Serious_Injuries
11633.0,Highly_Fatal_And_Damaging
11639.0,Significant_Damage_And_Serious_Injuries
11643.0,Highly_Fatal_And_Damaging
11647.0,Highly_Fatal_And_Damaging
11648.0,Highly_Fatal_And_Damaging
11650.0,Minor_Damage_And_Injuries
11657.0,Significant_Damage_And_Serious_Injuries
11662.0,Significant_Damage_And_Serious_Injuries
11667.0,Highly_Fatal_And_Damaging
11681.0,Highly_Fatal_And_Damaging
11687.0,Highly_Fatal_And_Damaging
11691.0,Minor_Damage_And_Injuries
11707.0,Significant_Damage_And_Serious_Injuries
11708.0,Minor_Damage_And_Injuries
11722.0,Significant_Damage_And_Fatalities
11726.0,Highly_Fatal_And_Damaging
11729.0,Highly_Fatal_And_Damaging
11735.0,Significant_Damage_And_Fatalities
11739.0,Significant_Damage_And_Serious_Injuries
11741.0,Significant_Damage_And_Fatalities
11748.0,Highly_Fatal_And_Damaging
11749.0,Minor_Damage_And_Injuries
11757.0,Significant_Damage_And_Serious_Injuries
11758.0,Highly_Fatal_And_Damaging
11765.0,Minor_Damage_And_Injuries
11766.0,Highly_Fatal_And_Damaging
11770.0,Significant_Damage_And_Fatalities
11772.0,Significant_Damage_And_Fatalities
11778.0,Minor_Damage_And_Injuries
11786.0,Highly_Fatal_And_Damaging
11789.0,Minor_Damage_And_Injuries
11797.0,Minor_Damage_And_Injuries
11800.0,Minor_Damage_And_Injuries
11804.0,Significant_Damage_And_Serious_Injuries
11810.0,Significant_Damage_And_Serious_Injuries
11842.0,Significant_Damage_And_Fatalities
11843.0,Highly_Fatal_And_Damaging
11847.0,Significant_Damage_And_Fatalities
11848.0,Minor_Damage_And_Injuries
11849.0,Significant_Damage_And_Serious_Injuries
11850.0,Minor_Damage_And_Injuries
11876.0,Highly_Fatal_And_Damaging
11879.0,Significant_Damage_And_Serious_Injuries
11882.0,Highly_Fatal_And_Damaging
11890.0,Significant_Damage_And_Serious_Injuries
11894.0,Minor_Damage_And_Injuries
11897.0,Minor_Damage_And_Injuries
11900.0,Significant_Damage_And_Serious_Injuries
11904.0,Highly_Fatal_And_Damaging
11913.0,Minor_Damage_And_Injuries
11933.0,Minor_Damage_And_Injuries
11943.0,Significant_Damage_And_Fatalities
11944.0,Significant_Damage_And_Serious_Injuries
11949.0,Significant_Damage_And_Serious_Injuries
11952.0,Highly_Fatal_And_Damaging
11957.0,Significant_Damage_And_Fatalities
11960.0,Minor_Damage_And_Injuries
11975.0,Significant_Damage_And_Fatalities
11978.0,Significant_Damage_And_Serious_Injuries
11983.0,Minor_Damage_And_Injuries
11990.0,Significant_Damage_And_Serious_Injuries
12002.0,Minor_Damage_And_Injuries
12004.0,Minor_Damage_And_Injuries
12011.0,Significant_Damage_And_Serious_Injuries
12016.0,Significant_Damage_And_Fatalities
12020.0,Significant_Damage_And_Serious_Injuries
12023.0,Minor_Damage_And_Injuries
12024.0,Minor_Damage_And_Injuries
12025.0,Significant_Damage_And_Fatalities
12045.0,Highly_Fatal_And_Damaging
12051.0,Minor_Damage_And_Injuries
12054.0,Highly_Fatal_And_Damaging
12055.0,Highly_Fatal_And_Damaging
12060.0,Minor_Damage_And_Injuries
12065.0,Significant_Damage_And_Serious_Injuries
12068.0,Highly_Fatal_And_Damaging
12069.0,Significant_Damage_And_Serious_Injuries
12070.0,Significant_Damage_And_Serious_Injuries
12072.0,Highly_Fatal_And_Damaging
12079.0,Significant_Damage_And_Serious_Injuries
12080.0,Significant_Damage_And_Serious_Injuries
12086.0,Significant_Damage_And_Serious_Injuries
12096.0,Significant_Damage_And_Serious_Injuries
12105.0,Significant_Damage_And_Serious_Injuries
12106.0,Significant_Damage_And_Serious_Injuries
12107.0,Significant_Damage_And_Serious_Injuries
12121.0,Significant_Damage_And_Serious_Injuries
12125.0,Significant_Damage_And_Serious_Injuries
12133.0,Significant_Damage_And_Fatalities
12134.0,Minor_Damage_And_Injuries
12150.0,Highly_Fatal_And_Damaging
12152.0,Minor_Damage_And_Injuries
12163.0,Minor_Damage_And_Injuries
12173.0,Highly_Fatal_And_Damaging
12186.0,Significant_Damage_And_Fatalities
12188.0,Minor_Damage_And_Injuries
12191.0,Minor_Damage_And_Injuries
12193.0,Highly_Fatal_And_Damaging
12196.0,Minor_Damage_And_Injuries
12198.0,Minor_Damage_And_Injuries
12222.0,Minor_Damage_And_Injuries
12224.0,Minor_Damage_And_Injuries
12225.0,Highly_Fatal_And_Damaging
12229.0,Highly_Fatal_And_Damaging
12234.0,Significant_Damage_And_Fatalities
12235.0,Highly_Fatal_And_Damaging
12236.0,Significant_Damage_And_Fatalities
12246.0,Significant_Damage_And_Fatalities
12250.0,Significant_Damage_And_Serious_Injuries
12263.0,Significant_Damage_And_Fatalities
12264.0,Minor_Damage_And_Injuries
12269.0,Highly_Fatal_And_Damaging
12277.0,Minor_Damage_And_Injuries
12292.0,Significant_Damage_And_Fatalities
12310.0,Significant_Damage_And_Serious_Injuries
12318.0,Highly_Fatal_And_Damaging
12329.0,Significant_Damage_And_Serious_Injuries
12332.0,Minor_Damage_And_Injuries
12340.0,Minor_Damage_And_Injuries
12346.0,Highly_Fatal_And_Damaging
12353.0,Significant_Damage_And_Serious_Injuries
12354.0,Highly_Fatal_And_Damaging
12356.0,Significant_Damage_And_Serious_Injuries
12366.0,Significant_Damage_And_Fatalities
12367.0,Highly_Fatal_And_Damaging
12378.0,Significant_Damage_And_Serious_Injuries
12389.0,Minor_Damage_And_Injuries
12390.0,Minor_Damage_And_Injuries
12402.0,Minor_Damage_And_Injuries
12406.0,Significant_Damage_And_Serious_Injuries
12412.0,Highly_Fatal_And_Damaging
12413.0,Highly_Fatal_And_Damaging
12415.0,Significant_Damage_And_Serious_Injuries
12420.0,Highly_Fatal_And_Damaging
12423.0,Minor_Damage_And_Injuries
12432.0,Significant_Damage_And_Serious_Injuries
12433.0,Highly_Fatal_And_Damaging
12435.0,Highly_Fatal_And_Damaging
12436.0,Significant_Damage_And_Serious_Injuries
12437.0,Highly_Fatal_And_Damaging
12438.0,Significant_Damage_And_Serious_Injuries
12442.0,Significant_Damage_And_Serious_Injuries
12444.0,Highly_Fatal_And_Damaging
12446.0,Significant_Damage_And_Serious_Injuries
12461.0,Significant_Damage_And_Fatalities
12473.0,Minor_Damage_And_Injuries
12474.0,Highly_Fatal_And_Damaging
12476.0,Minor_Damage_And_Injuries
12484.0,Highly_Fatal_And_Damaging
12487.0,Significant_Damage_And_Serious_Injuries
12488.0,Significant_Damage_And_Serious_Injuries
12491.0,Significant_Damage_And_Serious_Injuries
12493.0,Highly_Fatal_And_Damaging
